Workbook

Sheet Consolidado
A1: Consolidado — Dia x Afiliado x Ação x Resultado
A2: Visão unificada de todas as ações e métricas, 10 a 16/06
A4: Data | B4: Afiliado | C4: Ação do Dia | D4: Observação | E4: Registros | F4: FTD | G4: CPA | H4: Comissão Rev. | I4: Comissão CPA | J4: Comissão Final
A5: 46183 | B5: Ah Maria | C5: Aposta Garantida NBA | E5: 5 | F5: 5 | G5: 5 | H5: -227.43 | I5: 970 | J5: 742.57
A6: 46183 | B6: Cabreloa | C6: Grupo grátis da Copa | E6: 4 | F6: 4 | G6: 4 | H6: 35.5999 | I6: 570 | J6: 605.5999
A7: 46183 | B7: Dupla Aposta | E7: 0 | F7: 0 | G7: 0 | H7: 58.07 | I7: 0 | J7: 58.07
A8: 46183 | B8: El Barba | C8: Vitória garantida (NBA - jogo 4) | E8: 82 | F8: 51 | G8: 44 | H8: 386.4641 | I8: 8290 | J8: 8676.4641
A9: 46183 | B9: Gol do Rayo | C9: Movimentação normal no grupo | E9: 62 | F9: 36 | G9: 17 | H9: 62.3398 | I9: 3850 | J9: 3912.3398
A10: 46183 | B10: Mateus Caumo | C10: Lançamento grupo da Copa | E10: 211 | F10: 174 | G10: 96 | H10: 95.3714 | I10: 15990 | J10: 16085.371
A11: 46183 | B11: Rennan | C11: Aposta Garantida (NBA) | E11: 26 | F11: 21 | G11: 18 | H11: 24.9021 | I11: 4150 | J11: 4174.9021
A12: 46183 | B12: Vitor ZZ | C12: Movimentação normal do grupo | E12: 16 | F12: 6 | G12: 4 | H12: -55.8413 | I12: 1020 | J12: 964.1587
A13: 46184 | B13: Ah Maria | C13: Movimentação normal (detalhe da aumentada que não acontecia) | E13: 5 | F13: 5 | G13: 7 | H13: 6.77 | I13: 1490 | J13: 1496.77
A14: 46184 | B14: Cabreloa | C14: Movimentação normal no grupo | E14: 13 | F14: 14 | G14: 11 | H14: 117.5483 | I14: 3040 | J14: 3157.5483
A15: 46184 | B15: Dupla Aposta | E15: 26 | F15: 12 | G15: 2 | H15: 61.61 | I15: 240 | J15: 301.61
A16: 46184 | B16: El Barba | C16: Aposta Garantida (México) | E16: 59 | F16: 54 | G16: 45 | H16: -55.5833 | I16: 11340 | J16: 11284.417
A17: 46184 | B17: Gol do Rayo | C17: Aposta Garantida (México) | E17: 292 | F17: 175 | G17: 109 | H17: 136.4906 | I17: 26640 | J17: 26776.491
A18: 46184 | B18: Mateus Caumo | C18: Bingão e movimento normal | E18: 268 | F18: 211 | G18: 190 | H18: 8398.5668 | I18: 33180 | J18: 41578.567
A19: 46184 | B19: Rennan | C19: Aposta Garantida (México) | E19: 34 | F19: 16 | G19: 13 | H19: 100.5761 | I19: 2840 | J19: 2940.5761
A20: 46184 | B20: Vitor ZZ | C20: Bingão, garantida (México), movimentação maior no grupo | E20: 118 | F20: 67 | G20: 30 | H20: 375.8946 | I20: 5450 | J20: 5825.8946
A21: 46185 | B21: Ah Maria | C21: Garantida do Brasil + aumentada | D21: Dia da restrição | E21: 84 | F21: 52 | G21: 46 | H21: 366.17 | I21: 11910 | J21: 12276.17
A22: 46185 | B22: Cabreloa | C22: Movimentação normal | D22: Dia da restrição | E22: 27 | F22: 21 | G22: 8 | H22: -58.8315 | I22: 1980 | J22: 1921.1685
A23: 46185 | B23: Dupla Aposta | E23: 3 | F23: 2 | G23: 1 | H23: -44.21 | I23: 120 | J23: 75.79
A24: 46185 | B24: El Barba | C24: Aposta garantida Vitória do Brasil | D24: Dia da restrição | E24: 40 | F24: 23 | G24: 20 | H24: 132.3506 | I24: 4720 | J24: 4852.3506
A25: 46185 | B25: Gol do Rayo | C25: Aposta Garantida (EUA) | D25: Dia da restrição | E25: 149 | F25: 81 | G25: 96 | H25: 46.63 | I25: 21170 | J25: 21216.63
A26: 46185 | B26: Mateus Caumo | C26: Movimentação normal no grupo | D26: Dia da restrição | E26: 64 | F26: 61 | G26: 79 | H26: -2220.8665 | I26: 15990 | J26: 13769.133
A27: 46185 | B27: Rennan | C27: Aposta Garantida (EUA) | D27: Dia da restrição | E27: 20 | F27: 7 | G27: 9 | H27: -38.0419 | I27: 2290 | J27: 2251.9581
A28: 46185 | B28: Vitor ZZ | C28: Bingão da Copa e movimento normal | D28: Dia da restrição | E28: 48 | F28: 28 | G28: 18 | H28: -47.1376 | I28: 4570 | J28: 4522.8624
A29: 46186 | B29: Ah Maria | C29: Aumentada esportiva + reforço da garantida do Brasil | E29: 10 | F29: 9 | G29: 3 | H29: 351.66 | I29: 500 | J29: 851.66
A30: 46186 | B30: Cabreloa | C30: Movimentação normal | E30: 51 | F30: 35 | G30: 22 | H30: 303.0504 | I30: 3190 | J30: 3493.0504
A31: 46186 | B31: Dupla Aposta | E31: 3 | F31: 4 | G31: 4 | H31: -231.9 | I31: 480 | J31: 248.1
A32: 46186 | B32: El Barba | C32: Lançou grupo da Copa | E32: 90 | F32: 73 | G32: 33 | H32: 1071.257 | I32: 6260 | J32: 7331.257
A33: 46186 | B33: Gol do Rayo | C33: Aposta Garantida Brasil | E33: 165 | F33: 117 | G33: 120 | H33: 1587.1283 | I33: 31450 | J33: 33037.128
A34: 46186 | B34: Mateus Caumo | C34: Movimentação normal no grupo | E34: 363 | F34: 314 | G34: 232 | H34: 20459.634 | I34: 36250 | J34: 56709.634
A35: 46186 | B35: Rennan | C35: Garantida do Brasil | E35: 50 | F35: 38 | G35: 41 | H35: 860.2323 | I35: 8960 | J35: 9820.2323
A36: 46186 | B36: Vitor ZZ | C36: Garantida do Brasil | E36: 59 | F36: 48 | G36: 44 | H36: 939.0678 | I36: 10740 | J36: 11679.068
A37: 46187 | B37: Ah Maria | C37: Aumentada e movimentação normal | E37: 11 | F37: 6 | G37: 5 | H37: 64.74 | I37: 880 | J37: 944.74
A38: 46187 | B38: Cabreloa | C38: Movimentação normal no grupo | E38: 27 | F38: 2 | G38: 9 | H38: 31.7152 | I38: 3280 | J38: 3311.7152
A39: 46187 | B39: Dupla Aposta | E39: 3 | F39: 2 | G39: 3 | H39: 324.5 | I39: 360 | J39: 684.5
A40: 46187 | B40: El Barba | C40: Movimentação normal no grupo (bingo) | E40: 29 | F40: 17 | G40: 20 | H40: 387.0349 | I40: 4570 | J40: 4957.0349
A41: 46187 | B41: Gol do Rayo | C41: Movimentação normal no grupo | E41: 41 | F41: 24 | G41: 37 | H41: 571.7975 | I41: 10220 | J41: 10791.798
A42: 46187 | B42: Mateus Caumo | C42: Movimentação normal no grupo | E42: 371 | F42: 40 | G42: 216 | H42: 3407.3937 | I42: 74405 | J42: 77812.394
A43: 46187 | B43: Rennan | C43: Movimentação normal no grupo | E43: 4 | F43: 3 | G43: 6 | H43: -17.5231 | I43: 1420 | J43: 1402.4769
A44: 46187 | B44: Vitor ZZ | C44: Movimentação normal no grupo | E44: 11 | F44: 7 | G44: 6 | H44: 139.8892 | I44: 1600 | J44: 1739.8892
A45: 46188 | B45: Ah Maria | C45: Movimentação normal no grupo | E45: 11 | F45: 4 | G45: 2 | H45: 409 | I45: 515 | J45: 924
A46: 46188 | B46: Cabreloa | C46: Movimentação normal no grupo | E46: 0 | F46: 0 | G46: 6 | H46: 167.8175 | I46: 1780 | J46: 1947.8175
A47: 46188 | B47: Dupla Aposta | E47: 1 | F47: 0 | G47: 0 | H47: 29.28 | I47: 0 | J47: 29.28
A48: 46188 | B48: El Barba | C48: Movimentação normal no grupo (bingo) | E48: 18 | F48: 12 | G48: 10 | H48: 1117.5909 | I48: 2080 | J48: 3197.5909
A49: 46188 | B49: Gol do Rayo | C49: Movimentação normal no grupo | E49: 36 | F49: 27 | G49: 33 | H49: 1467.4863 | I49: 8730 | J49: 10197.486
A50: 46188 | B50: Mateus Caumo | C50: Movimentação normal do grupo | E50: 230 | F50: 80 | G50: 90 | H50: 6580.0029 | I50: 24615 | J50: 31195.003
A51: 46188 | B51: Rennan | C51: Movimentação normal no grupo | E51: 9 | F51: 5 | G51: 5 | H51: 307.3866 | I51: 1520 | J51: 1827.3866
A52: 46188 | B52: Vitor ZZ | C52: Movimentação normal no grupo | E52: 5 | F52: 3 | G52: 5 | H52: 655.9269 | I52: 1200 | J52: 1855.9269
A53: 46189 | B53: Ah Maria | C53: Movimentação normal | E53: 5 | F53: 1 | G53: 0 | H53: -116.79 | I53: 0 | J53: -116.79
A54: 46189 | B54: Cabreloa | C54: Movimentação normal no grupo | E54: 12 | F54: 11 | G54: 3 | H54: -82.1061 | I54: 640 | J54: 557.8939
A55: 46189 | B55: Dupla Aposta | E55: 6 | F55: 4 | G55: 3 | H55: 61.97 | I55: 360 | J55: 421.97
A56: 46189 | B56: El Barba | C56: Lançamento BETGO (2 bingos garantidos) | E56: 441 | F56: 303 | G56: 28 | H56: -109.0254 | I56: 5250 | J56: 5140.9746
A57: 46189 | B57: Gol do Rayo | C57: Lançamento BETGO | E57: 330 | F57: 179 | G57: 23 | H57: 235.7049 | I57: 4570 | J57: 4805.7049
A58: 46189 | B58: Mateus Caumo | C58: Lançamento BETGO | E58: 941 | F58: 533 | G58: 86 | H58: -942.9381 | I58: 15060 | J58: 14117.062
A59: 46189 | B59: Rennan | C59: Lançamento BETGO (bingo garantido) | E59: 193 | F59: 121 | G59: 11 | H59: -107.6535 | I59: 1260 | J59: 1152.3465
A60: 46189 | B60: Vitor ZZ | C60: Lançamento BETGO (Bingo garantido) | E60: 161 | F60: 108 | G60: 12 | H60: 215.9391 | I60: 3080 | J60: 3295.9391

Sheet Ah Maria Semanal
A1: Ah Maria
A2: Visão Semanal (7 dias) — Dados do Dashboard
A4: Campanha | B4: Master | C4: Casa | D4: Registros | E4: FTD | F4: CPA | G4: Comissão Rev. | H4: Comissão CPA | I4: Comissão Final
A5: mariatips | B5: Ah Maria | C5: MGM | D5: 90 | E5: 58 | F5: 51 | G5: 847.48 | H5: 13260 | I5: 14107.48
A6: mariatips | B6: Ah Maria | C6: ESPORTIVA BET | D6: 30 | E6: 19 | F6: 13 | G6: -196.14 | H6: 1560 | I6: 1363.86
A7: mariatips | B7: Ah Maria | C7: SUPERBET NOVO | D7: 2 | E7: 2 | F7: 2 | G7: 99.07 | H7: 700 | I7: 799.07
A8: Comercial04Mariatips | B8: Ah Maria | C8: SUPERBET NOVO | D8: 2 | E8: 2 | F8: 1 | G8: 103.7 | H8: 350 | I8: 453.7
A9: mariatips | B9: Ah Maria | C9: NOVIBET BC | D9: 6 | E9: 0 | F9: 1 | G9: 0 | H9: 395 | I9: 395
A10: Comercial01Mariatips | B10: Ah Maria | C10: MGM | D10: 0 | E10: 0 | F10: 0 | G10: 0 | H10: 0 | I10: 0
A11: Comercial02Mariatips | B11: Ah Maria | C11: MGM | D11: 0 | E11: 0 | F11: 0 | G11: 0 | H11: 0 | I11: 0
A12: Comercial03Mariatips | B12: Ah Maria | C12: MGM | D12: 0 | E12: 0 | F12: 0 | G12: 0 | H12: 0 | I12: 0
A13: Comercial04Mariatips | B13: Ah Maria | C13: MGM | D13: 0 | E13: 0 | F13: 0 | G13: 0 | H13: 0 | I13: 0
A14: Comercial05Mariatips | B14: Ah Maria | C14: MGM | D14: 0 | E14: 0 | F14: 0 | G14: 0 | H14: 0 | I14: 0
A15: mariatips | B15: Ah Maria | C15: NOVIBET | D15: 0 | E15: 0 | F15: 0 | G15: 0 | H15: 0 | I15: 0
A16: mariatips | B16: Ah Maria | C16: STAKE | D16: 0 | E16: 0 | F16: 0 | G16: 0 | H16: 0 | I16: 0
... A19: mariatipsboasvindas | B19: Ah Maria | C19: SUPERBET NOVO | D19: 0 | E19: 0 | F19: 0 | G19: 0 | H19: 0 | I19: 0
A45: Total | D45: =SUM(D5:D44) -> 131 | E45: =SUM(E5:E44) -> 82 | F45: =SUM(F5:F44) -> 68 | G45: =SUM(G5:G44) -> 854.11 | H45: =SUM(H5:H44) -> 16265 | I45: =SUM(I5:I44) -> 17119.11

Sheet Ah Maria Diário
A4: Data | B4: Campanha | C4: Master | D4: Casa | E4: Registros | F4: FTD | G4: CPA | H4: Comissão Rev. | I4: Comissão CPA | J4: Comissão Final
A5: 46183 | B5: mariatips | C5: Ah Maria | D5: SUPERBET NOVO | E5: 1 | F5: 1 | G5: 1 | H5: 1.33 | I5: 350 | J5: 351.33
A6: 46183 | B6: mariatips | C6: Ah Maria | D6: MGM | E6: 0 | F6: 1 | G6: 1 | H6: 9.45 | I6: 260 | J6: 269.45
A7: 46183 | B7: mariatips | C7: Ah Maria | D7: ESPORTIVA BET | E7: 4 | F7: 2 | G7: 3 | H7: -238.21 | I7: 360 | J7: 121.79
A8: 46183 | B8: Comercial01Mariatips | C8: Ah Maria | D8: MGM | E8: 0 | F8: 0 | G8: 0 | H8: 0 | I8: 0 | J8: 0
A9: 46183 | B9: Comercial02Mariatips | C9: Ah Maria | D9: MGM | E9: 0 | F9: 0 | G9: 0 | H9: 0 | I9: 0 | J9: 0
A10: 46183 | B10: Comercial03Mariatips | C10: Ah Maria | D10: MGM | E10: 0 | F10: 0 | G10: 0 | H10: 0 | I10: 0 | J10: 0
A11: 46183 | B11: Comercial04Mariatips | C11: Ah Maria | D11: MGM | E11: 0 | F11: 0 | G11: 0 | H11: 0 | I11: 0 | J11: 0
A12: 46183 | B12: Comercial05Mariatips | C12: Ah Maria | D12: MGM | E12: 0 | F12: 0 | G12: 0 | H12: 0 | I12: 0 | J12: 0
A13: 46183 | B13: mariatips | C13: Ah Maria | D13: NOVIBET | E13: 0 | F13: 0 | G13: 0 | H13: 0 | I13: 0 | J13: 0
A14: 46183 | B14: mariatips | C14: Ah Maria | D14: STAKE | E14: 0 | F14: 0 | G14: 0 | H14: 0 | I14: 0 | J14: 0
A15: 46183 | B15: mariatipsboasvindas | C15: Ah Maria | D15: MGM | E15: 0 | F15: 1 | G15: 0 | H15: 0 | I15: 0 | J15: 0
A16: 46183 | B16: mariatipsboasvindas | C16: Ah Maria | D16: SUPERBET NOVO | E16: 0 | F16: 0 | G16: 0 | H16: 0 | I16: 0 | J16: 0
A17: 46183 | B17: Subtotal do dia | E17: =SUM(E5:E16) -> 5 | F17: =SUM(F5:F16) -> 5 | G17: =SUM(G5:G16) -> 5 | H17: =SUM(H5:H16) -> -227.43 | I17: =SUM(I5:I16) -> 970 | J17: =SUM(J5:J16) -> 742.57
A19: 46184 | B19: mariatips | C19: Ah Maria | D19: MGM | E19: 3 | F19: 3 | G19: 3 | H19: -38.41 | I19: 780 | J19: 741.59
A20: 46184 | B20: Comercial04Mariatips | C20: Ah Maria | D20: SUPERBET NOVO | E20: 1 | F20: 1 | G20: 1 | H20: 20.38 | I20: 350 | J20: 370.38
A21: 46184 | B21: mariatips | C21: Ah Maria | D21: ESPORTIVA BET | E21: 1 | F21: 0 | G21: 3 | H21: -7.12 | I21: 360 | J21: 352.88
A22: 46184 | B22: mariatips | C22: Ah Maria | D22: SUPERBET NOVO | E22: 0 | F22: 1 | G22: 0 | H22: 31.92 | I22: 0 | J22: 31.92
A23: 46184 | B23: Comercial01Mariatips | C23: Ah Maria | D23: MGM | E23: 0 | F23: 0 | G23: 0 | H23: 0 | I23: 0 | J23: 0
A24: 46184 | B24: Comercial02Mariatips | C24: Ah Maria | D24: MGM | E24: 0 | F24: 0 | G24: 0 | H24: 0 | I24: 0 | J24: 0
A25: 46184 | B25: Comercial03Mariatips | C25: Ah Maria | D25: MGM | E25: 0 | F25: 0 | G25: 0 | H25: 0 | I25: 0 | J25: 0
A26: 46184 | B26: Comercial04Mariatips | C26: Ah Maria | D26: MGM | E26: 0 | F26: 0 | G26: 0 | H26: 0 | I26: 0 | J26: 0
A27: 46184 | B27: Comercial05Mariatips | C27: Ah Maria | D27: MGM | E27: 0 | F27: 0 | G27: 0 | H27: 0 | I27: 0 | J27: 0
A28: 46184 | B28: mariatipsboasvindas | C28: Ah Maria | D28: MGM | E28: 0 | F28: 0 | G28: 0 | H28: 0 | I28: 0 | J28: 0
A29: 46184 | B29: Subtotal do dia | E29: =SUM(E19:E28) -> 5 | F29: =SUM(F19:F28) -> 5 | G29: =SUM(G19:G28) -> 7 | H29: =SUM(H19:H28) -> 6.77 | I29: =SUM(I19:I28) -> 1490 | J29: =SUM(J19:J28) -> 1496.77
A31: 46185 | B31: mariatips | C31: Ah Maria | D31: MGM | E31: 81 | F31: 51 | G31: 44 | H31: 573.29 | I31: 11440 | J31: 12013.29
A32: 46185 | B32: mariatips | C32: Ah Maria | D32: SUPERBET NOVO | E32: 1 | F32: 0 | G32: 1 | H32: 10.22 | I32: 350 | J32: 360.22
A33: 46185 | B33: Comercial01Mariatips | C33: Ah Maria | D33: MGM | E33: 0 | F33: 0 | G33: 0 | H33: 0 | I33: 0 | J33: 0
A34: 46185 | B34: Comercial02Mariatips | C34: Ah Maria | D34: MGM | E34: 0 | F34: 0 | G34: 0 | H34: 0 | I34: 0 | J34: 0
A35: 46185 | B35: Comercial03Mariatips | C35: Ah Maria | D35: MGM | E35: 0 | F35: 0 | G35: 0 | H35: 0 | I35: 0 | J35: 0
A36: 46185 | B36: Comercial04Mariatips | C36: Ah Maria | D36: MGM | E36: 0 | F36: 0 | G36: 0 | H36: 0 | I36: 0 | J36: 0
A37: 46185 | B37: Comercial05Mariatips | C37: Ah Maria | D37: MGM | E37: 0 | F37: 0 | G37: 0 | H37: 0 | I37: 0 | J37: 0
A38: 46185 | B38: mariatipsboasvindas | C38: Ah Maria | D38: MGM | E38: 0 | F38: 0 | G38: 0 | H38: 0 | I38: 0 | J38: 0
A39: 46185 | B39: Comercial04Mariatips | C39: Ah Maria | D39: SUPERBET NOVO | E39: 0 | F39: 0 | G39: 0 | H39: -25.49 | I39: 0 | J39: -25.49
A40: 46185 | B40: mariatips | C40: Ah Maria | D40: ESPORTIVA BET | E40: 2 | F40: 1 | G40: 1 | H40: -191.85 | I40: 120 | J40: -71.85
A41: 46185 | B41: Subtotal do dia | E41: =SUM(E31:E40) -> 84 | F41: =SUM(F31:F40) -> 52 | G41: =SUM(G31:G40) -> 46 | H41: =SUM(H31:H40) -> 366.17 | I41: =SUM(I31:I40) -> 11910 | J41: =SUM(J31:J40) -> 12276.17
A43: 46186 | B43: mariatips | C43: Ah Maria | D43: MGM | E43: 0 | F43: 1 | G43: 1 | H43: 337.96 | I43: 260 | J43: 597.96
A44: 46186 | B44: mariatips | C44: Ah Maria | D44: ESPORTIVA BET | E44: 10 | F44: 8 | G44: 2 | H44: 6.05 | I44: 240 | J44: 246.05
A45: 46186 | B45: Comercial04Mariatips | C45: Ah Maria | D45: SUPERBET NOVO | E45: 0 | F45: 0 | G45: 0 | H45: 56.65 | I45: 0 | J45: 56.65
A46: 46186 | B46: Comercial01Mariatips | C46: Ah Maria | D46: MGM | E46: 0 | F46: 0 | G46: 0 | H46: 0 | I46: 0 | J46: 0
A47: 46186 | B47: Comercial02Mariatips | C47: Ah Maria | D47: MGM | E47: 0 | F47: 0 | G47: 0 | H47: 0 | I47: 0 | J47: 0
A48: 46186 | B48: Comercial03Mariatips | C48: Ah Maria | D48: MGM | E48: 0 | F48: 0 | G48: 0 | H48: 0 | I48: 0 | J48: 0
A49: 46186 | B49: Comercial04Mariatips | C49: Ah Maria | D49: MGM | E49: 0 | F49: 0 | G49: 0 | H49: 0 | I49: 0 | J49: 0
A50: 46186 | B50: Comercial05Mariatips | C50: Ah Maria | D50: MGM | E50: 0 | F50: 0 | G50: 0 | H50: 0 | I50: 0 | J50: 0
A51: 46186 | B51: mariatipsboasvindas | C51: Ah Maria | D51: MGM | E51: 0 | F51: 0 | G51: 0 | H51: 0 | I51: 0 | J51: 0
A52: 46186 | B52: mariatipsboasvindas | C52: Ah Maria | D52: SUPERBET NOVO | E52: 0 | F52: 0 | G52: 0 | H52: 0 | I52: 0 | J52: 0
A53: 46186 | B53: mariatips | C53: Ah Maria | D53: SUPERBET NOVO | E53: 0 | F53: 0 | G53: 0 | H53: -49 | I53: 0 | J53: -49
A54: 46186 | B54: Subtotal do dia | E54: =SUM(E43:E53) -> 10 | F54: =SUM(F43:F53) -> 9 | G54: =SUM(G43:G53) -> 3 | H54: =SUM(H43:H53) -> 351.66 | I54: =SUM(I43:I53) -> 500 | J54: =SUM(J43:J53) -> 851.66
A56: 46187 | B56: mariatips | C56: Ah Maria | D56: MGM | E56: 0 | F56: 0 | G56: 2 | H56: 16.04 | I56: 520 | J56: 536.04
A57: 46187 | B57: mariatips | C57: Ah Maria | D57: ESPORTIVA BET | E57: 5 | F57: 5 | G57: 3 | H57: -31.22 | I57: 360 | J57: 328.78
A58: 46187 | B58: mariatips | C58: Ah Maria | D58: SUPERBET NOVO | E58: 0 | F58: 0 | G58: 0 | H58: 70.3 | I58: 0 | J58: 70.3
A59: 46187 | B59: Comercial04Mariatips | C59: Ah Maria | D59: SUPERBET NOVO | E59: 1 | F59: 1 | G59: 0 | H59: 9.62 | I59: 0 | J59: 9.62
A60: 46187 | B60: Comercial01Mariatips | C60: Ah Maria | D60: MGM | E60: 0 | F60: 0 | G60: 0 | H60: 0 | I60: 0 | J60: 0
A61: 46187 | B61: Comercial02Mariatips | C61: Ah Maria | D61: MGM | E61: 0 | F61: 0 | G61: 0 | H61: 0 | I61: 0 | J61: 0
A62: 46187 | B62: Comercial03Mariatips | C62: Ah Maria | D62: MGM | E62: 0 | F62: 0 | G62: 0 | H62: 0 | I62: 0 | J62: 0
A63: 46187 | B63: Comercial04Mariatips | C63: Ah Maria | D63: MGM | E63: 0 | F63: 0 | G63: 0 | H63: 0 | I63: 0 | J63: 0
A64: 46187 | B64: Comercial05Mariatips | C64: Ah Maria | D64: MGM | E64: 0 | F64: 0 | G64: 0 | H64: 0 | I64: 0 | J64: 0
A65: 46187 | B65: mariatips | C65: Ah Maria | D65: NOVIBET BC | E65: 4 | G65: 0 | H65: 0 | I65: 0 | J65: 0
A66: 46187 | B66: mariatips | C66: Ah Maria | D66: STAKE BC | E66: 1 | G66: 0 | H66: 0 | I66: 0 | J66: 0
A67: 46187 | B67: mariatipsboasvindas | C67: Ah Maria | D67: MGM | E67: 0 | F67: 0 | G67: 0 | H67: 0 | I67: 0 | J67: 0
A68: 46187 | B68: Subtotal do dia | E68: =SUM(E56:E67) -> 11 | F68: =SUM(F56:F67) -> 6 | G68: =SUM(G56:G67) -> 5 | H68: =SUM(H56:H67) -> 64.74 | I68: =SUM(I56:I67) -> 880 | J68: =SUM(J56:J67) -> 944.74
A70: 46188 | B70: mariatips | C70: Ah Maria | D70: ESPORTIVA BET | E70: 3 | F70: 2 | G70: 1 | H70: 346.17 | I70: 120 | J70: 466.17
A71: 46188 | B71: mariatips | C71: Ah Maria | D71: NOVIBET BC | E71: 2 | G71: 1 | H71: 0 | I71: 395 | J71: 395
A72: 46188 | B72: mariatips | C72: Ah Maria | D72: MGM | E72: 6 | F72: 2 | G72: 0 | H72: 28.65 | I72: 0 | J72: 28.65
A73: 46188 | B73: Comercial04Mariatips | C73: Ah Maria | D73: SUPERBET NOVO | E73: 0 | F73: 0 | G73: 0 | H73: 20.26 | I73: 0 | J73: 20.26
A74: 46188 | B74: mariatips | C74: Ah Maria | D74: SUPERBET NOVO | E74: 0 | F74: 0 | G74: 0 | H74: 13.92 | I74: 0 | J74: 13.92
A75: 46188 | B75: Comercial01Mariatips | C75: Ah Maria | D75: MGM | E75: 0 | F75: 0 | G75: 0 | H75: 0 | I75: 0 | J75: 0
A76: 46188 | B76: Comercial02Mariatips | C76: Ah Maria | D76: MGM | E76: 0 | F76: 0 | G76: 0 | H76: 0 | I76: 0 | J76: 0
A77: 46188 | B77: Comercial03Mariatips | C77: Ah Maria | D77: MGM | E77: 0 | F77: 0 | G77: 0 | H77: 0 | I77: 0 | J77: 0
A78: 46188 | B78: Comercial04Mariatips | C78: Ah Maria | D78: MGM | E78: 0 | F78: 0 | G78: 0 | H78: 0 | I78: 0 | J78: 0
A79: 46188 | B79: Comercial05Mariatips | C79: Ah Maria | D79: MGM | E79: 0 | F79: 0 | G79: 0 | H79: 0 | I79: 0 | J79: 0
A80: 46188 | B80: mariatips | C80: Ah Maria | D80: STAKE BC | E80: 0 | G80: 0 | H80: 0 | I80: 0 | J80: 0
A81: 46188 | B81: mariatipsboasvindas | C81: Ah Maria | D81: MGM | E81: 0 | F81: 0 | G81: 0 | H81: 0 | I81: 0 | J81: 0
A82: 46188 | B82: Subtotal do dia | E82: =SUM(E70:E81) -> 11 | F82: =SUM(F70:F81) -> 4 | G82: =SUM(G70:G81) -> 2 | H82: =SUM(H70:H81) -> 409 | I82: =SUM(I70:I81) -> 515 | J82: =SUM(J70:J81) -> 924
A84: 46189 | B84: Comercial04Mariatips | C84: Ah Maria | D84: SUPERBET NOVO | E84: 0 | F84: 0 | G84: 0 | H84: 22.28 | I84: 0 | J84: 22.28
A85: 46189 | B85: mariatips | C85: Ah Maria | D85: SUPERBET NOVO | E85: 0 | F85: 0 | G85: 0 | H85: 20.39 | I85: 0 | J85: 20.39
A86: 46189 | B86: Comercial01Mariatips | C86: Ah Maria | D86: MGM | E86: 0 | F86: 0 | G86: 0 | H86: 0 | I86: 0 | J86: 0
A87: 46189 | B87: Comercial02Mariatips | C87: Ah Maria | D87: MGM | E87: 0 | F87: 0 | G87: 0 | H87: 0 | I87: 0 | J87: 0
A88: 46189 | B88: Comercial03Mariatips | C88: Ah Maria | D88: MGM | E88: 0 | F88: 0 | G88: 0 | H88: 0 | I88: 0 | J88: 0
A89: 46189 | B89: Comercial04Mariatips | C89: Ah Maria | D89: MGM | E89: 0 | F89: 0 | G89: 0 | H89: 0 | I89: 0 | J89: 0
A90: 46189 | B90: Comercial05Mariatips | C90: Ah Maria | D90: MGM | E90: 0 | F90: 0 | G90: 0 | H90: 0 | I90: 0 | J90: 0
A91: 46189 | B91: mariatips | C91: Ah Maria | D91: NOVIBET BC | E91: 0 | G91: 0 | H91: 0 | I91: 0 | J91: 0
A92: 46189 | B92: mariatips | C92: Ah Maria | D92: STAKE BC | E92: 0 | G92: 0 | H92: 0 | I92: 0 | J92: 0
A93: 46189 | B93: mariatipsboasvindas | C93: Ah Maria | D93: MGM | E93: 0 | F93: 0 | G93: 0 | H93: 0 | I93: 0 | J93: 0
A94: 46189 | B94: mariatipsboasvindas | C94: Ah Maria | D94: SUPERBET NOVO | E94: 0 | F94: 0 | G94: 0 | H94: 0 | I94: 0 | J94: 0
A95: 46189 | B95: mariatips | C95: Ah Maria | D95: MGM | E95: 0 | F95: 0 | G95: 0 | H95: -79.5 | I95: 0 | J95: -79.5
A96: 46189 | B96: mariatips | C96: Ah Maria | D96: ESPORTIVA BET | E96: 5 | F96: 1 | G96: 0 | H96: -79.96 | I96: 0 | J96: -79.96
A97: 46189 | B97: Subtotal do dia | E97: =SUM(E84:E96) -> 5 | F97: =SUM(F84:F96) -> 1 | G97: =SUM(G84:G96) -> 0 | H97: =SUM(H84:H96) -> -116.79 | I97: =SUM(I84:I96) -> 0 | J97: =SUM(J84:J96) -> -116.79

Sheet Ah Maria Ações
A1: Ah Maria
A2: Mapeamento de Ações de Promoção
A4: Data da Ação | B4: Campanha | C4: Tipo de Ação | D4: Canal | E4: Observações
A5: 46183 | C5: Aposta Garantida NBA
A6: 46184 | C6: Movimentação normal (detalhe da aumentada que não acontecia)
A7: 46185 | C7: Garantida do Brasil + aumentada | E7: Dia da restrição
A8: 46186 | C8: Aumentada esportiva + reforço da garantida do Brasil
A9: 46187 | C9: Aumentada e movimentação normal
A10: 46188 | C10: Movimentação normal no grupo
A11: 46189 | C11: Movimentação normal

Sheet Ah Maria Total
A1: Ah Maria
A2: Conferência — Diário vs Semanal
A4: Métrica | B4: Total Diário (acumulado) | C4: Total Semanal (dashboard) | D4: Diferença
A5: Registros | B5: ='Ah Maria Diário'!E17+'Ah Maria Diário'!E29+'Ah Maria Diário'!E41+'Ah Maria Diário'!E54+'Ah Maria Diário'!E68+'Ah Maria Diário'!E82+'Ah Maria Diário'!E97 -> 131 | C5: =SUM('Ah Maria Semanal'!D5:D44) -> 131 | D5: =B5-C5 -> 0
A6: FTD | B6: ='Ah Maria Diário'!F17+'Ah Maria Diário'!F29+'Ah Maria Diário'!F41+'Ah Maria Diário'!F54+'Ah Maria Diário'!F68+'Ah Maria Diário'!F82+'Ah Maria Diário'!F97 -> 82 | C6: =SUM('Ah Maria Semanal'!E5:E44) -> 82 | D6: =B6-C6 -> 0
A7: CPA | B7: ='Ah Maria Diário'!G17+'Ah Maria Diário'!G29+'Ah Maria Diário'!G41+'Ah Maria Diário'!G54+'Ah Maria Diário'!G68+'Ah Maria Diário'!G82+'Ah Maria Diário'!G97 -> 68 | C7: =SUM('Ah Maria Semanal'!F5:F44) -> 68 | D7: =B7-C7 -> 0
A8: Comissão Rev. | B8: ='Ah Maria Diário'!H17+'Ah Maria Diário'!H29+'Ah Maria Diário'!H41+'Ah Maria Diário'!H54+'Ah Maria Diário'!H68+'Ah Maria Diário'!H82+'Ah Maria Diário'!H97 -> 854.12 | C8: =SUM('Ah Maria Semanal'!G5:G44) -> 854.11 | D8: =B8-C8 -> 0.01
A9: Comissão CPA | B9: ='Ah Maria Diário'!I17+'Ah Maria Diário'!I29+'Ah Maria Diário'!I41+'Ah Maria Diário'!I54+'Ah Maria Diário'!I68+'Ah Maria Diário'!I82+'Ah Maria Diário'!I97 -> 16265 | C9: =SUM('Ah Maria Semanal'!H5:H44) -> 16265 | D9: =B9-C9 -> 0
A10: Comissão Final | B10: ='Ah Maria Diário'!J17+'Ah Maria Diário'!J29+'Ah Maria Diário'!J41+'Ah Maria Diário'!J54+'Ah Maria Diário'!J68+'Ah Maria Diário'!J82+'Ah Maria Diário'!J97 -> 17119.12 | C10: =SUM('Ah Maria Semanal'!I5:I44) -> 17119.11 | D10: =B10-C10 -> 0.01

Sheet Cabreloa Semanal
A1: Cabreloa
A2: Visão Semanal (7 dias) — Dados do Dashboard
A4: Campanha | B4: Master | C4: Casa | D4: Registros | E4: FTD | F4: CPA | G4: Comissão Rev. | H4: Comissão CPA | I4: Comissão Final
A5: cabreloa | B5: Cabreloa | C5: MGM | D5: 31 | E5: 26 | F5: 17 | G5: 330.66 | H5: 4420 | I5: 4750.66
A6: cabreloa | B6: Cabreloa | C6: SUPERBET NOVO | D6: 14 | E6: 12 | F6: 9 | G6: -23.51 | H6: 3150 | I6: 3126.49
A7: cabreloa | B7: Cabreloa | C7: STAKE BC | D7: 21 | F7: 6 | G7: 0 | H7: 2370 | I7: 2370
A8: Caiocabral | B8: Cabreloa | C8: ESPORTIVA BET | D8: 39 | E8: 28 | F8: 16 | G8: 7.36 | H8: 1920 | I8: 1927.36
A9: cabreloa | B9: Cabreloa | C9: NOVIBET BC | D9: 4 | F9: 2 | G9: 0 | H9: 790 | I9: 790
A10: cabreloa | B10: Cabreloa | C10: NOVIBET | D10: 8 | E10: 7 | F10: 2 | G10: 104.03 | H10: 420 | I10: 524.03
A11: cabreloa | B11: Cabreloa | C11: APOSTA GANHA | D11: 9 | E11: 6 | F11: 3 | G11: 33.34 | H11: 360 | I11: 393.34
A12: Comercial02Cabreloa | B12: Cabreloa | C12: ESPORTIVA BET | D12: 0 | E12: 0 | F12: 2 | G12: 17.08 | H12: 240 | I12: 257.08
A13: Comercial01Cabreloa | B13: Cabreloa | C13: ESPORTIVA BET | D13: 2 | E13: 2 | F13: 2 | G13: 14.06 | H13: 240 | I13: 254.06
A14: Comercial05Cabreloa | B14: Cabreloa | C14: ESPORTIVA BET | D14: 1 | E14: 1 | F14: 2 | G14: -6.43 | H14: 240 | I14: 233.57
A15: Comercial01Cabreloa | B15: Cabreloa | C15: NOVIBET | D15: 1 | E15: 1 | F15: 1 | G15: 16.9 | H15: 210 | I15: 226.9
A16: Comercial01Cabreloa | B16: Cabreloa | C16: APOSTA GANHA | D16: 3 | E16: 3 | F16: 1 | G16: 14.88 | H16: 120 | I16: 134.88
A17: Comercial01Cabreloa | B17: Cabreloa | C17: SUPERBET NOVO | D17: 0 | E17: 0 | F17: 0 | G17: 6.42 | H17: 0 | I17: 6.42
A18: cabreloaboasvindas | B18: Cabreloa | C18: MGM | D18: 0 | E18: 0 | F18: 0 | G18: 0 | H18: 0 | I18: 0
A19: Caiocabral | B19: Cabreloa | C19: STAKE | D19: 0 | E19: 0 | F19: 0 | G19: 0 | H19: 0 | I19: 0
A20: Comercial01Cabreloa | B20: Cabreloa | C20: MGM | D20: 0 | E20: 0 | F20: 0 | G20: 0 | H20: 0 | I20: 0
A21: Comercial02Cabreloa | B21: Cabreloa | C21: MGM | D21: 0 | E21: 0 | F21: 0 | G21: 0 | H21: 0 | I21: 0
... A30: Comercial05Cabreloa | B30: Cabreloa | C30: MGM | D30: 0 | E30: 0 | F30: 0 | G30: 0 | H30: 0 | I30: 0
A45: Total | D45: =SUM(D5:D44) -> 134 | E45: =SUM(E5:E44) -> 87 | F45: =SUM(F5:F44) -> 63 | G45: =SUM(G5:G44) -> 514.79 | H45: =SUM(H5:H44) -> 14480 | I45: =SUM(I5:I44) -> 14994.79

Sheet Cabreloa Diário
A1: Cabreloa
A2: Visão Diária — Dados do Dashboard
A4: Data | B4: Campanha | C4: Master | D4: Casa | E4: Registros | F4: FTD | G4: CPA | H4: Comissão Rev. | I4: Comissão CPA | J4: Comissão Final
A5: 46183 | B5: cabreloa | C5: Cabreloa | D5: NOVIBET | E5: 1 | F5: 1 | G5: 1 | H5: 105.6704 | I5: 210 | J5: 315.6704
A6: 46183 | B6: cabreloa | C6: Cabreloa | D6: SUPERBET NOVO | E6: 1 | F6: 1 | G6: 0 | H6: -5.068 | I6: 0 | J6: -5.068
A7: 46183 | B7: Caiocabral | C7: Cabreloa | D7: ESPORTIVA BET | E7: 1 | F7: 1 | G7: 1 | H7: -57.78 | I7: 120 | J7: 62.22
A8: 46183 | B8: Comercial05Cabreloa | C8: Cabreloa | D8: ESPORTIVA BET | E8: 1 | F8: 1 | G8: 0 | H8: 0 | I8: 0 | J8: 0
A9: 46183 | B9: cabreloa | C9: Cabreloa | D9: MGM | E9: 0 | F9: 0 | G9: 0 | H9: -13.0935 | I9: 0 | J9: -13.0935
A10: 46183 | B10: cabreloaboasvindas | C10: Cabreloa | D10: MGM | E10: 0 | F10: 0 | G10: 0 | H10: 0 | I10: 0 | J10: 0
A11: 46183 | B11: Caiocabral | C11: Cabreloa | D11: STAKE | E11: 0 | F11: 0 | G11: 0 | H11: 0 | I11: 0 | J11: 0
A12: 46183 | B12: Comercial01Cabreloa | C12: Cabreloa | D12: MGM | E12: 0 | F12: 0 | G12: 0 | H12: 0 | I12: 0 | J12: 0
A13: 46183 | B13: Comercial01Cabreloa | C13: Cabreloa | D13: SUPERBET NOVO | E13: 0 | F13: 0 | G13: 0 | H13: -4.029 | I13: 0 | J13: -4.029
A14: 46183 | B14: Comercial02Cabreloa | C14: Cabreloa | D14: ESPORTIVA BET | E14: 0 | F14: 0 | G14: 2 | H14: 9.9 | I14: 240 | J14: 249.9
A15: 46183 | B15: Comercial02Cabreloa | C15: Cabreloa | D15: MGM | E15: 0 | F15: 0 | G15: 0 | H15: 0 | I15: 0 | J15: 0
A16: 46183 | B16: Comercial03Cabreloa | C16: Cabreloa | D16: MGM | E16: 0 | F16: 0 | G16: 0 | H16: 0 | I16: 0 | J16: 0
... A20: 46183 | B20: Comercial05Cabreloa | C20: Cabreloa | D20: MGM | E20: 0 | F20: 0 | G20: 0 | H20: 0 | I20: 0 | J20: 0
A21: 46183 | B21: Subtotal do dia | E21: =SUM(E5:E20) -> 4 | F21: =SUM(F5:F20) -> 4 | G21: =SUM(G5:G20) -> 4 | H21: =SUM(H5:H20) -> 35.5999 | I21: =SUM(I5:I20) -> 570 | J21: =SUM(J5:J20) -> 605.5999
A23: 46184 | B23: cabreloa | C23: Cabreloa | D23: MGM | E23: 9 | F23: 8 | G23: 9 | H23: 83.4785 | I23: 2340 | J23: 2423.4785
A24: 46184 | B24: cabreloa | C24: Cabreloa | D24: SUPERBET NOVO | E24: 2 | F24: 4 | G24: 2 | H24: 42.3667 | I24: 700 | J24: 742.3667
A25: 46184 | B25: cabreloa | C25: Cabreloa | D25: NOVIBET | E25: 1 | F25: 1 | G25: 0 | H25: -6.2624 | I25: 0 | J25: -6.2624
A26: 46184 | B26: Comercial04Cabreloa | C26: Cabreloa | D26: ESPORTIVA BET | E26: 1 | F26: 1 | G26: 0 | H26: 0 | I26: 0 | J26: 0
A27: 46184 | B27: cabreloaboasvindas | C27: Cabreloa | D27: MGM | E27: 0 | F27: 0 | G27: 0 | H27: 0 | I27: 0 | J27: 0
A28: 46184 | B28: Caiocabral | C28: Cabreloa | D28: ESPORTIVA BET | E28: 0 | F28: 0 | G28: 0 | H28: 1.06 | I28: 0 | J28: 1.06
A29: 46184 | B29: Comercial01Cabreloa | C29: Cabreloa | D29: MGM | E29: 0 | F29: 0 | G29: 0 | H29: 0 | I29: 0 | J29: 0
A30: 46184 | B30: Comercial01Cabreloa | C30: Cabreloa | D30: SUPERBET NOVO | E30: 0 | F30: 0 | G30: 0 | H30: -3.0945 | I30: 0 | J30: -3.0945
A31: 46184 | B31: Comercial02Cabreloa | C31: Cabreloa | D31: ESPORTIVA BET | E31: 0 | F31: 0 | G31: 0 | H31: 0 | I31: 0 | J31: 0
A32: 46184 | B32: Comercial02Cabreloa | C32: Cabreloa | D32: MGM | E32: 0 | F32: 0 | G32: 0 | H32: 0 | I32: 0 | J32: 0
A33: 46184 | B33: Comercial03Cabreloa | C33: Cabreloa | D33: MGM | E33: 0 | F33: 0 | G33: 0 | H33: 0 | I33: 0 | J33: 0
A34: 46184 | B34: Comercial04Cabreloa | C34: Cabreloa | D34: MGM | E34: 0 | F34: 0 | G34: 0 | H34: 0 | I34: 0 | J34: 0
A35: 46184 | B35: Comercial05Cabreloa | C35: Cabreloa | D35: MGM | E35: 0 | F35: 0 | G35: 0 | H35: 0 | I35: 0 | J35: 0
A36: 46184 | B36: Subtotal do dia | E36: =SUM(E23:E35) -> 13 | F36: =SUM(F23:F35) -> 14 | G36: =SUM(G23:G35) -> 11 | H36: =SUM(H23:H35) -> 117.5483 | I36: =SUM(I23:I35) -> 3040 | J36: =SUM(J23:J35) -> 3157.5483
A38: 46185 | B38: cabreloa | C38: Cabreloa | D38: MGM | E38: 9 | F38: 8 | G38: 4 | H38: 44.2155 | I38: 1040 | J38: 1084.2155
A39: 46185 | B39: cabreloa | C39: Cabreloa | D39: SUPERBET NOVO | E39: 9 | F39: 5 | G39: 2 | H39: -108.8371 | I39: 700 | J39: 591.1629
A40: 46185 | B40: cabreloa | C40: Cabreloa | D40: NOVIBET | E40: 4 | F40: 3 | G40: 0 | H40: -5.2896 | I40: 0 | J40: -5.2896
A41: 46185 | B41: Comercial01Cabreloa | C41: Cabreloa | D41: APOSTA GANHA | E41: 3 | F41: 3 | G41: 1 | H41: 14.875 | I41: 120 | J41: 134.875
A42: 46185 | B42: Comercial01Cabreloa | C42: Cabreloa | D42: ESPORTIVA BET | E42: 1 | F42: 1 | G42: 1 | H42: 10.89 | I42: 120 | J42: 130.89
A43: 46185 | B43: Comercial01Cabreloa | C43: Cabreloa | D43: NOVIBET | E43: 1 | F43: 1 | G43: 0 | H43: -0.0608 | I43: 0 | J43: -0.0608
A44: 46185 | B44: cabreloaboasvindas | C44: Cabreloa | D44: MGM | E44: 0 | F44: 0 | G44: 0 | H44: 0 | I44: 0 | J44: 0
A45: 46185 | B45: Caiocabral | C45: Cabreloa | D45: ESPORTIVA BET | E45: 0 | F45: 0 | G45: 0 | H45: -1.65 | I45: 0 | J45: -1.65
A46: 46185 | B46: Comercial01Cabreloa | C46: Cabreloa | D46: MGM | E46: 0 | F46: 0 | G46: 0 | H46: 0 | I46: 0 | J46: 0
A47: 46185 | B47: Comercial01Cabreloa | C47: Cabreloa | D47: SUPERBET NOVO | E47: 0 | F47: 0 | G47: 0 | H47: -12.9745 | I47: 0 | J47: -12.9745
A48: 46185 | B48: Comercial02Cabreloa | C48: Cabreloa | D48: MGM | E48: 0 | F48: 0 | G48: 0 | H48: 0 | I48: 0 | J48: 0
A49: 46185 | B49: Comercial03Cabreloa | C49: Cabreloa | D49: ESPORTIVA BET | E49: 0 | F49: 0 | G49: 0 | H49: 0 | I49: 0 | J49: 0
... A52: 46185 | B52: Comercial05Cabreloa | C52: Cabreloa | D52: MGM | E52: 0 | F52: 0 | G52: 0 | H52: 0 | I52: 0 | J52: 0
A53: 46185 | B53: Subtotal do dia | E53: =SUM(E38:E52) -> 27 | F53: =SUM(F38:F52) -> 21 | G53: =SUM(G38:G52) -> 8 | H53: =SUM(H38:H52) -> -58.8315 | I53: =SUM(I38:I52) -> 1980 | J53: =SUM(J38:J52) -> 1921.1685
A55: 46186 | B55: Caiocabral | C55: Cabreloa | D55: ESPORTIVA BET | E55: 37 | F55: 25 | G55: 14 | H55: -26.75 | I55: 1680 | J55: 1653.25
A56: 46186 | B56: cabreloa | C56: Cabreloa | D56: APOSTA GANHA | E56: 9 | F56: 6 | G56: 3 | H56: 33.3445 | I56: 360 | J56: 393.3445
A57: 46186 | B57: cabreloa | C57: Cabreloa | D57: NOVIBET | E57: 2 | F57: 2 | G57: 0 | H57: 2.9184 | I57: 0 | J57: 2.9184
A58: 46186 | B58: cabreloa | C58: Cabreloa | D58: SUPERBET NOVO | E58: 1 | F58: 1 | G58: 2 | H58: 54.8711 | I58: 700 | J58: 754.8711
A59: 46186 | B59: Comercial01Cabreloa | C59: Cabreloa | D59: ESPORTIVA BET | E59: 1 | F59: 1 | G59: 1 | H59: 3.17 | I59: 120 | J59: 123.17
A60: 46186 | B60: cabreloa | C60: Cabreloa | D60: MGM | E60: 1 | F60: 0 | G60: 0 | H60: 211.9915 | I60: 0 | J60: 211.9915
A61: 46186 | B61: cabreloaboasvindas | C61: Cabreloa | D61: MGM | E61: 0 | F61: 0 | G61: 0 | H61: 0 | I61: 0 | J61: 0
A62: 46186 | B62: Comercial01Cabreloa | C62: Cabreloa | D62: MGM | E62: 0 | F62: 0 | G62: 0 | H62: 0 | I62: 0 | J62: 0
A63: 46186 | B63: Comercial01Cabreloa | C63: Cabreloa | D63: NOVIBET | E63: 0 | F63: 0 | G63: 1 | H63: 16.9632 | I63: 210 | J63: 226.9632
A64: 46186 | B64: Comercial01Cabreloa | C64: Cabreloa | D64: SUPERBET NOVO | E64: 0 | F64: 0 | G64: 0 | H64: 10.3517 | I64: 0 | J64: 10.3517
A65: 46186 | B65: Comercial02Cabreloa | C65: Cabreloa | D65: ESPORTIVA BET | E65: 0 | F65: 0 | G65: 0 | H65: -0.15 | I65: 0 | J65: -0.15
A66: 46186 | B66: Comercial02Cabreloa | C66: Cabreloa | D66: MGM | E66: 0 | F66: 0 | G66: 0 | H66: 0 | I66: 0 | J66: 0
... A71: 46186 | B71: Comercial05Cabreloa | C71: Cabreloa | D71: MGM | E71: 0 | F71: 0 | G71: 0 | H71: 0 | I71: 0 | J71: 0
A72: 46186 | B72: Subtotal do dia | E72: =SUM(E55:E71) -> 51 | F72: =SUM(F55:F71) -> 35 | G72: =SUM(G55:G71) -> 22 | H72: =SUM(H55:H71) -> 303.0504 | I72: =SUM(I55:I71) -> 3190 | J72: =SUM(J55:J71) -> 3493.0504
A74: 46187 | B74: cabreloa | C74: Cabreloa | D74: MGM | E74: 1 | F74: 1 | G74: 0 | H74: -92.8585 | I74: 0 | J74: -92.8585
A75: 46187 | B75: cabreloa | C75: Cabreloa | D75: SUPERBET NOVO | E75: 1 | F75: 1 | G75: 0 | H75: 24.9966 | I75: 0 | J75: 24.9966
A76: 46187 | B76: cabreloa | C76: Cabreloa | D76: NOVIBET | E76: 0 | F76: 0 | G76: 0 | H76: 3.8912 | I76: 0 | J76: 3.8912
A77: 46187 | B77: cabreloaboasvindas | C77: Cabreloa | D77: MGM | E77: 0 | F77: 0 | G77: 0 | H77: 0 | I77: 0 | J77: 0
A78: 46187 | B78: Caiocabral | C78: Cabreloa | D78: ESPORTIVA BET | E78: 0 | F78: 0 | G78: 1 | H78: 86.26 | I78: 120 | J78: 206.26
A79: 46187 | B79: Comercial01Cabreloa | C79: Cabreloa | D79: MGM | E79: 0 | F79: 0 | G79: 0 | H79: 0 | I79: 0 | J79: 0
A80: 46187 | B80: Comercial01Cabreloa | C80: Cabreloa | D80: SUPERBET NOVO | E80: 0 | F80: 0 | G80: 0 | H80: 5.4659 | I80: 0 | J80: 5.4659
A81: 46187 | B81: Comercial02Cabreloa | C81: Cabreloa | D81: ESPORTIVA BET | E81: 0 | F81: 0 | G81: 0 | H81: 3.96 | I81: 0 | J81: 3.96
A82: 46187 | B82: Comercial02Cabreloa | C82: Cabreloa | D82: MGM | E82: 0 | F82: 0 | G82: 0 | H82: 0 | I82: 0 | J82: 0
A83: 46187 | B83: Comercial03Cabreloa | C83: Cabreloa | D83: MGM | E83: 0 | F83: 0 | G83: 0 | H83: 0 | I83: 0 | J83: 0
A84: 46187 | B84: Comercial04Cabreloa | C84: Cabreloa | D84: MGM | E84: 0 | F84: 0 | G84: 0 | H84: 0 | I84: 0 | J84: 0
A85: 46187 | B85: Comercial05Cabreloa | C85: Cabreloa | D85: MGM | E85: 0 | F85: 0 | G85: 0 | H85: 0 | I85: 0 | J85: 0
A86: 46187 | B86: cabreloa | C86: Cabreloa | D86: NOVIBET BC | E86: 4 | G86: 2 | I86: 790 | J86: 790
A87: 46187 | B87: cabreloa | C87: Cabreloa | D87: STAKE BC | E87: 21 | G87: 6 | I87: 2370 | J87: 2370
A88: 46187 | B88: Subtotal do dia | E88: =SUM(E74:E87) -> 27 | F88: =SUM(F74:F87) -> 2 | G88: =SUM(G74:G87) -> 9 | H88: =SUM(H74:H87) -> 31.7152 | I88: =SUM(I74:I87) -> 3280 | J88: =SUM(J74:J87) -> 3311.7152
A90: 46188 | B90: cabreloa | C90: Cabreloa | D90: MGM | E90: 0 | F90: 0 | G90: 2 | H90: 188.7655 | I90: 520 | J90: 708.7655
A91: 46188 | B91: cabreloa | C91: Cabreloa | D91: NOVIBET | E91: 0 | F91: 0 | G91: 1 | H91: 3.1008 | I91: 210 | J91: 213.1008
A92: 46188 | B92: cabreloa | C92: Cabreloa | D92: SUPERBET NOVO | E92: 0 | F92: 0 | G92: 3 | H92: -36.3616 | I92: 1050 | J92: 1013.6384
A93: 46188 | B93: cabreloaboasvindas | C93: Cabreloa | D93: MGM | E93: 0 | F93: 0 | G93: 0 | H93: 0 | I93: 0 | J93: 0
A94: 46188 | B94: Caiocabral | C94: Cabreloa | D94: ESPORTIVA BET | E94: 0 | F94: 0 | G94: 0 | H94: 6.6 | I94: 0 | J94: 6.6
A95: 46188 | B95: Comercial01Cabreloa | C95: Cabreloa | D95: MGM | E95: 0 | F95: 0 | G95: 0 | H95: 0 | I95: 0 | J95: 0
A96: 46188 | B96: Comercial01Cabreloa | C96: Cabreloa | D96: SUPERBET NOVO | E96: 0 | F96: 0 | G96: 0 | H96: 2.5428 | I96: 0 | J96: 2.5428
A97: 46188 | B97: Comercial02Cabreloa | C97: Cabreloa | D97: ESPORTIVA BET | E97: 0 | F97: 0 | G97: 0 | H97: 3.17 | I97: 0 | J97: 3.17
A98: 46188 | B98: Comercial02Cabreloa | C98: Cabreloa | D98: MGM | E98: 0 | F98: 0 | G98: 0 | H98: 0 | I98: 0 | J98: 0
A99: 46188 | B99: Comercial02Cabreloa | C99: Cabreloa | D99: SUPERBET NOVO | E99: 0 | F99: 0 | G99: 0 | H99: 0 | I99: 0 | J99: 0
A100: 46188 | B100: Comercial03Cabreloa | C100: Cabreloa | D100: MGM | E100: 0 | F100: 0 | G100: 0 | H100: 0 | I100: 0 | J100: 0
A101: 46188 | B101: Comercial04Cabreloa | C101: Cabreloa | D101: MGM | E101: 0 | F101: 0 | G101: 0 | H101: 0 | I101: 0 | J101: 0
... A103: 46188 | B103: Comercial05Cabreloa | C103: Cabreloa | D103: MGM | E103: 0 | F103: 0 | G103: 0 | H103: 0 | I103: 0 | J103: 0
A104: 46188 | B104: cabreloa | C104: Cabreloa | D104: NOVIBET BC | E104: 0 | G104: 0 | I104: 0 | J104: 0
A105: 46188 | B105: cabreloa | C105: Cabreloa | D105: STAKE BC | E105: 0 | G105: 0 | I105: 0 | J105: 0
A106: 46188 | B106: Subtotal do dia | E106: =SUM(E90:E105) -> 0 | F106: =SUM(F90:F105) -> 0 | G106: =SUM(G90:G105) -> 6 | H106: =SUM(H90:H105) -> 167.8175 | I106: =SUM(I90:I105) -> 1780 | J106: =SUM(J90:J105) -> 1947.8175
A108: 46189 | B108: cabreloa | C108: Cabreloa | D108: MGM | E108: 11 | F108: 9 | G108: 2 | H108: -91.8435 | I108: 520 | J108: 428.1565
A109: 46189 | B109: Caiocabral | C109: Cabreloa | D109: ESPORTIVA BET | E109: 1 | F109: 2 | G109: 0 | H109: -0.38 | I109: 0 | J109: -0.38
A110: 46189 | B110: cabreloa | C110: Cabreloa | D110: SUPERBET NOVO | E110: 0 | F110: 0 | G110: 0 | H110: 4.5266 | I110: 0 | J110: 4.5266
A111: 46189 | B111: cabreloaboasvindas | C111: Cabreloa | D111: MGM | E111: 0 | F111: 0 | G111: 0 | H111: 0 | I111: 0 | J111: 0
A112: 46189 | B112: Comercial01Cabreloa | C112: Cabreloa | D112: MGM | E112: 0 | F112: 0 | G112: 0 | H112: 0 | I112: 0 | J112: 0
A113: 46189 | B113: Comercial01Cabreloa | C113: Cabreloa | D113: SUPERBET NOVO | E113: 0 | F113: 0 | G113: 0 | H113: 8.1608 | I113: 0 | J113: 8.1608
A114: 46189 | B114: Comercial02Cabreloa | C114: Cabreloa | D114: ESPORTIVA BET | E114: 0 | F114: 0 | G114: 0 | H114: 0.2 | I114: 0 | J114: 0.2
A115: 46189 | B115: Comercial02Cabreloa | C115: Cabreloa | D115: MGM | E115: 0 | F115: 0 | G115: 0 | H115: 0 | I115: 0 | J115: 0
A116: 46189 | B116: Comercial03Cabreloa | C116: Cabreloa | D116: MGM | E116: 0 | F116: 0 | G116: 0 | H116: 0 | I116: 0 | J116: 0
A117: 46189 | B117: Comercial04Cabreloa | C117: Cabreloa | D117: MGM | E117: 0 | F117: 0 | G117: 0 | H117: 0 | I117: 0 | J117: 0
...

Sheet Cabreloa Ações
A1: Cabreloa
A2: Mapeamento de Ações de Promoção
A4: Data da Ação | B4: Campanha | C4: Tipo de Ação | D4: Canal | E4: Observações
A5: 46183 | C5: Grupo grátis da Copa
A6: 46184 | C6: Movimentação normal no grupo
A7: 46185 | C7: Movimentação normal | E7: Dia da restrição
A8: 46186 | C8: Movimentação normal
A9: 46187 | C9: Movimentação normal no grupo
A10: 46188 | C10: Movimentação normal no grupo
A11: 46189 | C11: Movimentação normal no grupo

Sheet Cabreloa Total
A1: Cabreloa
A2: Conferência — Diário vs Semanal
A4: Métrica | B4: Total Diário (acumulado) | C4: Total Semanal (dashboard) | D4: Diferença
A5: Registros | B5: ='Cabreloa Diário'!E21+'Cabreloa Diário'!E36+'Cabreloa Diário'!E53+'Cabreloa Diário'!E72+'Cabreloa Diário'!E88+'Cabreloa Diário'!E106+'Cabreloa Diário'!E122 -> 134 | C5: =SUM('Cabreloa Semanal'!D5:D44) -> 134 | D5: =B5-C5 -> 0
A6: FTD | B6: ='Cabreloa Diário'!F21+'Cabreloa Diário'!F36+'Cabreloa Diário'!F53+'Cabreloa Diário'!F72+'Cabreloa Diário'!F88+'Cabreloa Diário'!F106+'Cabreloa Diário'!F122 -> 87 | C6: =SUM('Cabreloa Semanal'!E5:E44) -> 87 | D6: =B6-C6 -> 0
A7: CPA | B7: ='Cabreloa Diário'!G21+'Cabreloa Diário'!G36+'Cabreloa Diário'!G53+'Cabreloa Diário'!G72+'Cabreloa Diário'!G88+'Cabreloa Diário'!G106+'Cabreloa Diário'!G122 -> 63 | C7: =SUM('Cabreloa Semanal'!F5:F44) -> 63 | D7: =B7-C7 -> 0
A8: Comissão Rev. | B8: ='Cabreloa Diário'!H21+'Cabreloa Diário'!H36+'Cabreloa Diário'!H53+'Cabreloa Diário'!H72+'Cabreloa Diário'!H88+'Cabreloa Diário'!H106+'Cabreloa Diário'!H122 -> 514.7937 | C8: =SUM('Cabreloa Semanal'!G5:G44) -> 514.79 | D8: =B8-C8 -> 0.0037
A9: Comissão CPA | B9: ='Cabreloa Diário'!I21+'Cabreloa Diário'!I36+'Cabreloa Diário'!I53+'Cabreloa Diário'!I72+'Cabreloa Diário'!I88+'Cabreloa Diário'!I106+'Cabreloa Diário'!I122 -> 14480 | C9: =SUM('Cabreloa Semanal'!H5:H44) -> 14480 | D9: =B9-C9 -> 0
A10: Comissão Final | B10: ='Cabreloa Diário'!J21+'Cabreloa Diário'!J36+'Cabreloa Diário'!J53+'Cabreloa Diário'!J72+'Cabreloa Diário'!J88+'Cabreloa Diário'!J106+'Cabreloa Diário'!J122 -> 14994.794 | C10: =SUM('Cabreloa Semanal'!I5:I44) -> 14994.79 | D10: =B10-C10 -> 0.0037

Sheet Dupla Aposta Semanal
A1: Dupla Aposta
A2: Visão Semanal (7 dias) — Dados do Dashboard
A4: Campanha | B4: Master | C4: Casa | D4: Registros | E4: FTD | F4: CPA | G4: Comissão Rev. | H4: Comissão CPA | I4: Comissão Final
A45: Total | D45: =SUM(D5:D44) -> 0 | E45: =SUM(E5:E44) -> 0 | F45: =SUM(F5:F44) -> 0 | G45: =SUM(G5:G44) -> 0 | H45: =SUM(H5:H44) -> 0 | I45: =SUM(I5:I44) -> 0

Sheet Dupla Aposta Diário
A1: Dupla Aposta
A2: Visão Diária — Dados do Dashboard
A4: Data | B4: Campanha | C4: Master | D4: Casa | E4: Registros | F4: FTD | G4: CPA | H4: Comissão Rev. | I4: Comissão CPA | J4: Comissão Final
A5: 46183 | B5: duplainstagram | C5: Dupla Aposta | D5: ESPORTIVA BET | E5: 0 | F5: 0 | G5: 0 | H5: 58.07 | I5: 0 | J5: 58.07
A6: 46183 | B6: Subtotal do dia | E6: =SUM(E5) -> 0 | F6: =SUM(F5) -> 0 | G6: =SUM(G5) -> 0 | H6: =SUM(H5) -> 58.07 | I6: =SUM(I5) -> 0 | J6: =SUM(J5) -> 58.07
A8: 46184 | B8: duplainstagram | C8: Dupla Aposta | D8: ESPORTIVA BET | E8: 26 | F8: 12 | G8: 2 | H8: 61.61 | I8: 240 | J8: 301.61
A9: 46184 | B9: Subtotal do dia | E9: =SUM(E8) -> 26 | F9: =SUM(F8) -> 12 | G9: =SUM(G8) -> 2 | H9: =SUM(H8) -> 61.61 | I9: =SUM(I8) -> 240 | J9: =SUM(J8) -> 301.61
A11: 46185 | B11: duplainstagram | C11: Dupla Aposta | D11: ESPORTIVA BET | E11: 3 | F11: 2 | G11: 1 | H11: -44.21 | I11: 120 | J11: 75.79
A12: 46185 | B12: Subtotal do dia | E12: =SUM(E11) -> 3 | F12: =SUM(F11) -> 2 | G12: =SUM(G11) -> 1 | H12: =SUM(H11) -> -44.21 | I12: =SUM(I11) -> 120 | J12: =SUM(J11) -> 75.79
A14: 46186 | B14: duplainstagram | C14: Dupla Aposta | D14: ESPORTIVA BET | E14: 3 | F14: 4 | G14: 4 | H14: -231.9 | I14: 480 | J14: 248.1
A15: 46186 | B15: Subtotal do dia | E15: =SUM(E14) -> 3 | F15: =SUM(F14) -> 4 | G15: =SUM(G14) -> 4 | H15: =SUM(H14) -> -231.9 | I15: =SUM(I14) -> 480 | J15: =SUM(J14) -> 248.1
A17: 46187 | B17: duplainstagram | C17: Dupla Aposta | D17: ESPORTIVA BET | E17: 3 | F17: 2 | G17: 3 | H17: 324.5 | I17: 360 | J17: 684.5
A18: 46187 | B18: Subtotal do dia | E18: =SUM(E17) -> 3 | F18: =SUM(F17) -> 2 | G18: =SUM(G17) -> 3 | H18: =SUM(H17) -> 324.5 | I18: =SUM(I17) -> 360 | J18: =SUM(J17) -> 684.5
A20: 46188 | B20: duplainstagram | C20: Dupla Aposta | D20: ESPORTIVA BET | E20: 1 | F20: 0 | G20: 0 | H20: 29.28 | I20: 0 | J20: 29.28
A21: 46188 | B21: Subtotal do dia | E21: =SUM(E20) -> 1 | F21: =SUM(F20) -> 0 | G21: =SUM(G20) -> 0 | H21: =SUM(H20) -> 29.28 | I21: =SUM(I20) -> 0 | J21: =SUM(J20) -> 29.28
A23: 46189 | B23: duplainstagram | C23: Dupla Aposta | D23: ESPORTIVA BET | E23: 6 | F23: 4 | G23: 3 | H23: 61.97 | I23: 360 | J23: 421.97
A24: 46189 | B24: Subtotal do dia | E24: =SUM(E23) -> 6 | F24: =SUM(F23) -> 4 | G24: =SUM(G23) -> 3 | H24: =SUM(H23) -> 61.97 | I24: =SUM(I23) -> 360 | J24: =SUM(J23) -> 421.97

Sheet Dupla Aposta Ações
A1: Dupla Aposta
A2: Mapeamento de Ações de Promoção
A4: Data da Ação | B4: Campanha | C4: Tipo de Ação | D4: Canal | E4: Observações

Sheet Dupla Aposta Total
A1: Dupla Aposta
A2: Conferência — Diário vs Semanal
A4: Métrica | B4: Total (dados do arquivo, 7 dias)
A5: Registros | B5: ='Dupla Aposta Diário'!E6+'Dupla Aposta Diário'!E9+'Dupla Aposta Diário'!E12+'Dupla Aposta Diário'!E15+'Dupla Aposta Diário'!E18+'Dupla Aposta Diário'!E21+'Dupla Aposta Diário'!E24 -> 42
A6: FTD | B6: ='Dupla Aposta Diário'!F6+'Dupla Aposta Diário'!F9+'Dupla Aposta Diário'!F12+'Dupla Aposta Diário'!F15+'Dupla Aposta Diário'!F18+'Dupla Aposta Diário'!F21+'Dupla Aposta Diário'!F24 -> 24
A7: CPA | B7: ='Dupla Aposta Diário'!G6+'Dupla Aposta Diário'!G9+'Dupla Aposta Diário'!G12+'Dupla Aposta Diário'!G15+'Dupla Aposta Diário'!G18+'Dupla Aposta Diário'!G21+'Dupla Aposta Diário'!G24 -> 13
A8: Comissão Rev. | B8: ='Dupla Aposta Diário'!H6+'Dupla Aposta Diário'!H9+'Dupla Aposta Diário'!H12+'Dupla Aposta Diário'!H15+'Dupla Aposta Diário'!H18+'Dupla Aposta Diário'!H21+'Dupla Aposta Diário'!H24 -> 259.32
A9: Comissão CPA | B9: ='Dupla Aposta Diário'!I6+'Dupla Aposta Diário'!I9+'Dupla Aposta Diário'!I12+'Dupla Aposta Diário'!I15+'Dupla Aposta Diário'!I18+'Dupla Aposta Diário'!I21+'Dupla Aposta Diário'!I24 -> 1560
A10: Comissão Final | B10: ='Dupla Aposta Diário'!J6+'Dupla Aposta Diário'!J9+'Dupla Aposta Diário'!J12+'Dupla Aposta Diário'!J15+'Dupla Aposta Diário'!J18+'Dupla Aposta Diário'!J21+'Dupla Aposta Diário'!J24 -> 1819.32

Sheet El Barba Semanal
A1: El Barba
A2: Visão Semanal (7 dias) — Dados do Dashboard
A4: Campanha | B4: Master | C4: Casa | D4: Registros | E4: FTD | F4: CPA | G4: Comissão Rev. | H4: Comissão CPA | I4: Comissão Final
A45: Total | D45: =SUM(D5:D44) -> 0 | E45: =SUM(E5:E44) -> 0 | F45: =SUM(F5:F44) -> 0 | G45: =SUM(G5:G44) -> 0 | H45: =SUM(H5:H44) -> 0 | I45: =SUM(I5:I44) -> 0

Sheet El Barba Diário
A1: El Barba
A2: Visão Diária — Dados do Dashboard
A4: Data | B4: Campanha | C4: Master | D4: Casa | E4: Registros | F4: FTD | G4: CPA | H4: Comissão Rev. | I4: Comissão CPA | J4: Comissão Final
A5: 46183 | B5: Barbaarena | C5: El Barba | D5: SPORTINGBET | E5: 2 | F5: 1 | G5: 0 | H5: 0.36 | I5: 0 | J5: 0.36
A6: 46183 | B6: Barbaarena | C6: El Barba | D6: SUPERBET OTG | E6: 0 | F6: 0 | G6: 0 | H6: -89.82 | I6: 0 | J6: -89.82
A7: 46183 | B7: barbabingaodacopa | C7: El Barba | D7: MGM | E7: 0 | F7: 0 | G7: 0 | H7: 0 | I7: 0 | J7: 0
A8: 46183 | B8: barbaboasvindas | C8: El Barba | D8: MGM | E8: 0 | F8: 0 | G8: 0 | H8: 0 | I8: 0 | J8: 0
A9: 46183 | B9: BarbaTipsLT | C9: El Barba | D9: SPORTINGBET | E9: 1 | F9: 0 | G9: 0 | H9: 0.39 | I9: 0 | J9: 0.39
A10: 46183 | B10: Comercial01_barba | C10: El Barba | D10: MGM | E10: 27 | F10: 12 | G10: 9 | H10: -56.77 | I10: 2340 | J10: 2283.23
A11: 46183 | B11: Comercial02_barba | C11: El Barba | D11: MGM | E11: 0 | F11: 0 | G11: 0 | H11: -4.739 | I11: 0 | J11: -4.739
A12: 46183 | B12: Comercial03_barba | C12: El Barba | D12: MGM | E12: 0 | F12: 0 | G12: 0 | H12: 0 | I12: 0 | J12: 0
A13: 46183 | B13: Comercial04_barba | C13: El Barba | D13: MGM | E13: 11 | F13: 2 | G13: 1 | H13: 20.405 | I13: 260 | J13: 280.405
A14: 46183 | B14: Comercial04Elbarba | C14: El Barba | D14: JONBET | E14: 0 | F14: 0 | G14: 0 | H14: -0.3 | I14: 0 | J14: -0.3
A15: 46183 | B15: Comercial05_barba | C15: El Barba | D15: MGM | E15: 0 | F15: 0 | G15: 0 | H15: 0 | I15: 0 | J15: 0
A16: 46183 | B16: Comercial06_barba | C16: El Barba | D16: MGM | E16: 0 | F16: 0 | G16: 0 | H16: 0 | I16: 0 | J16: 0
... A43: 46183 | B43: Elbarbacomercial11 | C43: El Barba | D43: STAKE | E43: 0 | F43: 0 | G43: 0 | H43: 0 | I43: 0 | J43: 0
A44: 46183 | B44: Subtotal do dia | E44: =SUM(E5:E43) -> 82 | F44: =SUM(F5:F43) -> 51 | G44: =SUM(G5:G43) -> 44 | H44: =SUM(H5:H43) -> 386.4641 | I44: =SUM(I5:I43) -> 8290 | J44: =SUM(J5:J43) -> 8676.4641
A46: 46184 | B46: barbabingaodacopa | C46: El Barba | D46: MGM | E46: 0 | F46: 0 | G46: 0 | H46: 0 | I46: 0 | J46: 0
A47: 46184 | B47: barbaboasvindas | C47: El Barba | D47: MGM | E47: 0 | F47: 0 | G47: 0 | H47: 0 | I47: 0 | J47: 0
A48: 46184 | B48: Comercial01_barba | C48: El Barba | D48: MGM | E48: 41 | F48: 39 | G48: 32 | H48: -142.4115 | I48: 8320 | J48: 8177.5885
A49: 46184 | B49: Comercial02_barba | C49: El Barba | D49: MGM | E49: 0 | F49: 2 | G49: 3 | H49: 67.9 | I49: 780 | J49: 847.9
A50: 46184 | B50: Comercial03_barba | C50: El Barba | D50: MGM | E50: 0 | F50: 0 | G50: 0 | H50: 0 | I50: 0 | J50: 0
A51: 46184 | B51: Comercial04_barba | C51: El Barba | D51: MGM | E51: 9 | F51: 3 | G51: 2 | H51: 20.8215 | I51: 520 | J51: 540.8215
A52: 46184 | B52: Comercial04Elbarba | C52: El Barba | D52: JONBET | E52: 0 | F52: 0 | G52: 0 | H52: 0.3 | I52: 0 | J52: 0.3
A53: 46184 | B53: Comercial05_barba | C53: El Barba | D53: MGM | E53: 0 | F53: 0 | G53: 0 | H53: 0 | I53: 0 | J53: 0
A54: 46184 | B54: Comercial06_barba | C54: El Barba | D54: MGM | E54: 0 | F54: 0 | G54: 0 | H54: -6.153 | I54: 0 | J54: -6.153
A55: 46184 | B55: Comercial07_barba | C55: El Barba | D55: MGM | E55: 0 | F55: 0 | G55: 0 | H55: 0 | I55: 0 | J55: 0
A56: 46184 | B56: Comercial08_barba | C56: El Barba | D56: MGM | E56: 0 | F56: 0 | G56: 0 | H56: 3.15 | I56: 0 | J56: 3.15
A57: 46184 | B57: Comercial09_barba | C57: El Barba | D57: MGM | E57: 0 | F57: 0 | G57: 0 | H57: 3.8255 | I57: 0 | J57: 3.8255
... A75: 46184 | B75: Elbarbacomercial03 | C75: El Barba | D75: ESPORTIVA BET | E75: 1 | F75: 1 | G75: 0 | H75: 15.3 | I75: 0 | J75: 15.3
A76: 46184 | B76: Subtotal do dia | E76: =SUM(E46:E75) -> 59 | F76: =SUM(F46:F75) -> 54 | G76: =SUM(G46:G75) -> 45 | H76: =SUM(H46:H75) -> -55.5833 | I76: =SUM(I46:I75) -> 11340 | J76: =SUM(J46:J75) -> 11284.417
A78: 46185 | B78: barbabingaodacopa | C78: El Barba | D78: MGM | E78: 0 | F78: 0 | G78: 0 | H78: 0 | I78: 0 | J78: 0
A79: 46185 | B79: barbaboasvindas | C79: El Barba | D79: MGM | E79: 0 | F79: 0 | G79: 0 | H79: 0 | I79: 0 | J79: 0
A80: 46185 | B80: Comercial01_barba | C80: El Barba | D80: MGM | E80: 23 | F80: 11 | G80: 7 | H80: -73.4055 | I80: 1820 | J80: 1746.5945
A81: 46185 | B81: Comercial02_barba | C81: El Barba | D81: MGM | E81: 0 | F81: 0 | G81: 0 | H81: 334.7995 | I81: 0 | J81: 334.7995
A82: 46185 | B82: Comercial03_barba | C82: El Barba | D82: MGM | E82: 0 | F82: 0 | G82: 0 | H82: 0 | I82: 0 | J82: 0
A83: 46185 | B83: Comercial04_barba | C83: El Barba | D83: MGM | E83: 11 | F83: 6 | G83: 4 | H83: -5.908 | I83: 1040 | J83: 1034.092
A84: 46185 | B84: Comercial05_barba | C84: El Barba | D84: MGM | E84: 0 | F84: 0 | G84: 0 | H84: 0 | I84: 0 | J84: 0
A85: 46185 | B85: Comercial06_barba | C85: El Barba | D85: MGM | E85: 0 | F85: 1 | G85: 0 | H85: -0.0315 | I85: 0 | J85: -0.0315
A86: 46185 | B86: Comercial07_barba | C86: El Barba | D86: MGM | E86: 1 | F86: 0 | G86: 0 | H86: 0 | I86: 0 | J86: 0
A87: 46185 | B87: Comercial08_barba | C87: El Barba | D87: MGM | E87: 0 | F87: 0 | G87: 0 | H87: 0 | I87: 0 | J87: 0
A88: 46185 | B88: Comercial09_barba | C88: El Barba | D88: MGM | E88: 0 | F88: 0 | G88: 0 | H88: 2.8105 | I88: 0 | J88: 2.8105
A89: 46185 | B89: Comercial10_barba | C89: El Barba | D89: MGM | E89: 0 | F89: 0 | G89: 0 | H89: 0 | I89: 0 | J89: 0
... A105: 46185 | B105: Elbarbacomercial03 | C105: El Barba | D105: ESPORTIVA BET | E105: 0 | F105: 0 | G105: 0 | H105: 31.68 | I105: 0 | J105: 31.68
A106: 46185 | B106: Subtotal do dia | E106: =SUM(E78:E105) -> 40 | F106: =SUM(F78:F105) -> 23 | G106: =SUM(G78:G105) -> 20 | H106: =SUM(H78:H105) -> 132.3506 | I106: =SUM(I78:I105) -> 4720 | J106: =SUM(J78:J105) -> 4852.3506
A108: 46186 | B108: barbabingaodacopa | C108: El Barba | D108: MGM | E108: 0 | F108: 0 | G108: 0 | H108: 0 | I108: 0 | J108: 0
A109: 46186 | B109: barbaboasvindas | C109: El Barba | D109: MGM | E109: 0 | F109: 0 | G109: 0 | H109: 0 | I109: 0 | J109: 0
A110: 46186 | B110: Comercial01_barba | C110: El Barba | D110: MGM | E110: 23 | F110: 15 | G110: 6 | H110: 256.088 | I110: 1560 | J110: 1816.088
A111: 46186 | B111: Comercial01Elbarba | C111: El Barba | D111: APOSTA GANHA | E111: 12 | F111: 12 | G111: 10 | H111: 63 | I111: 1200 | J111: 1263
A112: 46186 | B112: Comercial02_barba | C112: El Barba | D112: MGM | E112: 0 | F112: 0 | G112: 0 | H112: 93.212 | I112: 0 | J112: 93.212
A113: 46186 | B113: Comercial03_barba | C113: El Barba | D113: MGM | E113: 0 | F113: 0 | G113: 0 | H113: 0 | I113: 0 | J113: 0
A114: 46186 | B114: Comercial04_barba | C114: El Barba | D114: MGM | E114: 6 | F114: 7 | G114: 3 | H114: 128.9995 | I114: 780 | J114: 908.9995
A115: 46186 | B115: Comercial05_barba | C115: El Barba | D115: MGM | E115: 1 | F115: 1 | G115: 1 | H115: -8.4 | I115: 260 | J115: 251.6
A116: 46186 | B116: Comercial06_barba | C116: El Barba | D116: MGM | E116: 0 | F116: 0 | G116: 0 | H116: 4.606 | I116: 0 | J116: 4.606
A117: 46186 | B117: Comercial07_barba | C117: El Barba | D117: MGM | E117: 0 | F117: 0 | G117: 0 | H117: 0 | I117: 0 | J117: 0
A118: 46186 | B118: Comercial08_barba | C118: El Barba | D118: MGM | E118: 0 | F118: 0 | G118: 0 | H118: 0 | I118: 0 | J118: 0
A119: 46186 | B119: Comercial09_barba | C119: El Barba | D119: MGM | E119: 0 | F119: 0 | G119: 0 | H119: 6.293 | I119: 0 | J119: 6.293
... A137: 46186 | B137: Elbarbacomercial03 | C137: El Barba | D137: ESPORTIVA BET | E137: 0 | F137: 0 | G137: 0 | H137: 9.54 | I137: 0 | J137: 9.54
A138: 46186 | B138: Subtotal do dia | E138: =SUM(E108:E137) -> 90 | F138: =SUM(F108:F137) -> 73 | G138: =SUM(G108:G137) -> 33 | H138: =SUM(H108:H137) -> 1071.257 | I138: =SUM(I108:I137) -> 6260 | J138: =SUM(J108:J137) -> 7331.257
A140: 46187 | B140: barbabingaodacopa | C140: El Barba | D140: MGM | E140: 0 | F140: 0 | G140: 0 | H140: 0 | I140: 0 | J140: 0
A141: 46187 | B141: barbaboasvindas | C141: El Barba | D141: MGM | E141: 0 | F141: 0 | G141: 0 | H141: 0 | I141: 0 | J141: 0
A142: 46187 | B142: Comercial01_barba | C142: El Barba | D142: MGM | E142: 14 | F142: 8 | G142: 7 | H142: 67.1615 | I142: 1820 | J142: 1887.1615
A143: 46187 | B143: Comercial02_barba | C143: El Barba | D143: MGM | E143: 0 | F143: 0 | G143: 0 | H143: -43.8025 | I143: 0 | J143: -43.8025
A144: 46187 | B144: Comercial03_barba | C144: El Barba | D144: MGM | E144: 0 | F144: 0 | G144: 0 | H144: 0 | I144: 0 | J144: 0
A145: 46187 | B145: Comercial04_barba | C145: El Barba | D145: MGM | E145: 5 | F145: 0 | G145: 0 | H145: 38.3215 | I145: 0 | J145: 38.3215
A146: 46187 | B146: Comercial04Elbarba | C146: El Barba | D146: APOSTA GANHA | E146: 3 | F146: 3 | G146: 1 | H146: 7.175 | I146: 120 | J146: 127.175
A147: 46187 | B147: Comercial05_barba | C147: El Barba | D147: MGM | E147: 1 | F147: 1 | G147: 1 | H147: -33.7785 | I147: 260 | J147: 226.2215
A148: 46187 | B148: Comercial06_barba | C148: El Barba | D148: MGM | E148: 0 | F148: 0 | G148: 0 | H148: 2.1245 | I148: 0 | J148: 2.1245
A149: 46187 | B149: Comercial07_barba | C149: El Barba | D149: MGM | E149: 0 | F149: 0 | G149: 0 | H149: 0 | I149: 0 | J149: 0
A150: 46187 | B150: Comercial08_barba | C150: El Barba | D150: MGM | E150: 0 | F150: 0 | G150: 0 | H150: 0 | I150: 0 | J150: 0
A151: 46187 | B151: Comercial09_barba | C151: El Barba | D151: MGM | E151: 0 | F151: 1 | G151: 1 | H151: 6.8565 | I151: 260 | J151: 266.8565
... A167: 46187 | B167: elbarba | C167: El Barba | D167: JONBET | E167: 0 | F167: 0 | G167: 0 | H167: 0 | I167: 0 | J167: 0
A168: 46187 | B168: elbarba | C168: El Barba | D168: STAKE BC | E168: 0 | G168: 0 | I168: 0 | J168: 0
A169: 46187 | B169: Elbarbaalavancagem | C169: El Barba | D169: ESPORTIVA BET | E169: 0 | F169: 0 | G169: 0 | H169: 24.28 | I169: 0 | J169: 24.28
A170: 46187 | B170: Elbarbacomercial03 | C170: El Barba | D170: ESPORTIVA BET | E170: 0 | F170: 0 | G170: 0 | H170: 6.1 | I170: 0 | J170: 6.1
A171: 46187 | B171: Subtotal do dia | E171: =SUM(E140:E170) -> 29 | F171: =SUM(F140:F170) -> 17 | G171: =SUM(G140:G170) -> 20 | H171: =SUM(H140:H170) -> 387.0349 | I171: =SUM(I140:I170) -> 4570 | J171: =SUM(J140:J170) -> 4957.0349
A173: 46188 | B173: barbabingaodacopa | C173: El Barba | D173: MGM | E173: 0 | F173: 0 | G173: 0 | H173: 0 | I173: 0 | J173: 0
A174: 46188 | B174: barbaboasvindas | C174: El Barba | D174: MGM | E174: 0 | F174: 0 | G174: 0 | H174: 0 | I174: 0 | J174: 0
A175: 46188 | B175: Comercial01_barba | C175: El Barba | D175: MGM | E175: 3 | F175: 2 | G175: 2 | H175: 92.5855 | I175: 520 | J175: 612.5855
A176: 46188 | B176: Comercial02_barba | C176: El Barba | D176: MGM | E176: 0 | F176: 1 | G176: 0 | H176: 585.7985 | I176: 0 | J176: 585.7985
A177: 46188 | B177: Comercial03_barba | C177: El Barba | D177: MGM | E177: 0 | F177: 0 | G177: 0 | H177: 0 | I177: 0 | J177: 0
A178: 46188 | B178: Comercial03Elbarba | C178: El Barba | D178: APOSTA GANHA | E178: 2 | F178: 2 | G178: 2 | H178: 17.5 | I178: 240 | J178: 257.5
A179: 46188 | B179: Comercial04_barba | C179: El Barba | D179: MGM | E179: 10 | F179: 4 | G179: 2 | H179: 192.0555 | I179: 520 | J179: 712.0555
A180: 46188 | B180: Comercial05_barba | C180: El Barba | D180: MGM | E180: 0 | F180: 0 | G180: 0 | H180: 4.7775 | I180: 0 | J180: 4.7775
A181: 46188 | B181: Comercial06_barba | C181: El Barba | D181: MGM | E181: 0 | F181: 0 | G181: 0 | H181: 0.63 | I181: 0 | J181: 0.63
A182: 46188 | B182: Comercial07_barba | C182: El Barba | D182: MGM | E182: 0 | F182: 0 | G182: 0 | H182: 0 | I182: 0 | J182: 0
A183: 46188 | B183: Comercial08_barba | C183: El Barba | D183: MGM | E183: 0 | F183: 0 | G183: 0 | H183: 0 | I183: 0 | J183: 0
A184: 46188 | B184: Comercial09_barba | C184: El Barba | D184: MGM | E184: 0 | F184: 0 | G184: 0 | H184: 8.6555 | I184: 0 | J184: 8.6555
... A197: 46188 | B197: elbarba | C197: El Barba | D197: ESPORTIVA BET | E197: 0 | F197: 0 | G197: 2 | H197: 167.29 | I197: 240 | J197: 407.29
A198: 46188 | B198: elbarba | C198: El Barba | D198: STAKE BC | E198: 0 | G198: 0 | I198: 0 | J198: 0
A199: 46188 | B199: Elbarbaalavancagem | C199: El Barba | D199: ESPORTIVA BET | E199: 0 | F199: 0 | G199: 0 | H199: 24.14 | I199: 0 | J199: 24.14
A200: 46188 | B200: Elbarbacomercial03 | C200: El Barba | D200: ESPORTIVA BET | E200: 0 | F200: 0 | G200: 0 | H200: 0 | I200: 0 | J200: 0
A201: 46188 | B201: Subtotal do dia | E201: =SUM(E173:E200) -> 18 | F201: =SUM(F173:F200) -> 12 | G201: =SUM(G173:G200) -> 10 | H201: =SUM(H173:H200) -> 1117.5909 | I201: =SUM(I173:I200) -> 2080 | J201: =SUM(J173:J200) -> 3197.5909
A203: 46189 | B203: barbabingaodacopa | C203: El Barba | D203: MGM | E203: 0 | F203: 0 | G203: 0 | H203: 0 | I203: 0 | J203: 0
A204: 46189 | B204: barbaboasvindas | C204: El Barba | D204: MGM | E204: 0 | F204: 0 | G204: 0 | H204: 0 | I204: 0 | J204: 0
A205: 46189 | B205: Comercial01_barba | C205: El Barba | D205: MGM | E205: 2 | F205: 2 | G205: 4 | H205: -77.9625 | I205: 1040 | J205: 962.0375
A206: 46189 | B206: Comercial02_barba | C206: El Barba | D206: MGM | E206: 0 | F206: 2 | G206: 3 | H206: -149.009 | I206: 780 | J206: 630.991
A207: 46189 | B207: Comercial03_barba | C207: El Barba | D207: MGM | E207: 0 | F207: 0 | G207: 0 | H207: 0 | I207: 0 | J207: 0
A208: 46189 | B208: Comercial04_barba | C208: El Barba | D208: MGM | E208: 9 | F208: 6 | G208: 1 | H208: 3.5735 | I208: 260 | J208: 263.5735
A209: 46189 | B209: Comercial05_barba | C209: El Barba | D209: MGM | E209: 1 | F209: 1 | G209: 1 | H209: 8.4 | I209: 260 | J209: 268.4
...

Sheet El Barba Ações
A1: El Barba
A2: Mapeamento de Ações de Promoção
A4: Data da Ação | B4: Campanha | C4: Tipo de Ação | D4: Canal | E4: Observações
A5: 46183 | C5: Vitória garantida (NBA - jogo 4)
A6: 46184 | C6: Aposta Garantida (México)
A7: 46185 | C7: Aposta garantida Vitória do Brasil | E7: Dia da restrição
A8: 46186 | C8: Lançou grupo da Copa
A9: 46187 | C9: Movimentação normal no grupo (bingo)
A10: 46188 | C10: Movimentação normal no grupo (bingo)
A11: 46189 | C11: Lançamento BETGO (2 bingos garantidos)

Sheet El Barba Total
A1: El Barba
A2: Conferência — Diário vs Semanal
A4: Métrica | B4: Total (dados do arquivo, 7 dias)
A5: Registros | B5: ='El Barba Diário'!E44+'El Barba Diário'!E76+'El Barba Diário'!E106+'El Barba Diário'!E138+'El Barba Diário'!E171+'El Barba Diário'!E201+'El Barba Diário'!E233 -> 759
A6: FTD | B6: ='El Barba Diário'!F44+'El Barba Diário'!F76+'El Barba Diário'!F106+'El Barba Diário'!F138+'El Barba Diário'!F171+'El Barba Diário'!F201+'El Barba Diário'!F233 -> 533
A7: CPA | B7: ='El Barba Diário'!G44+'El Barba Diário'!G76+'El Barba Diário'!G106+'El Barba Diário'!G138+'El Barba Diário'!G171+'El Barba Diário'!G201+'El Barba Diário'!G233 -> 200
A8: Comissão Rev. | B8: ='El Barba Diário'!H44+'El Barba Diário'!H76+'El Barba Diário'!H106+'El Barba Diário'!H138+'El Barba Diário'!H171+'El Barba Diário'!H201+'El Barba Diário'!H233 -> 2930.0888
A9: Comissão CPA | B9: ='El Barba Diário'!I44+'El Barba Diário'!I76+'El Barba Diário'!I106+'El Barba Diário'!I138+'El Barba Diário'!I171+'El Barba Diário'!I201+'El Barba Diário'!I233 -> 42510
A10: Comissão Final | B10: ='El Barba Diário'!J44+'El Barba Diário'!J76+'El Barba Diário'!J106+'El Barba Diário'!J138+'El Barba Diário'!J171+'El Barba Diário'!J201+'El Barba Diário'!J233 -> 45440.089

Sheet Gol do Rayo Semanal
A1: Gol do Rayo
A2: Visão Semanal (7 dias) — Dados do Dashboard
A4: Campanha | B4: Master | C4: Casa | D4: Registros | E4: FTD | F4: CPA | G4: Comissão Rev. | H4: Comissão CPA | I4: Comissão Final
A45: Total | D45: =SUM(D5:D44) -> 0 | E45: =SUM(E5:E44) -> 0 | F45: =SUM(F5:F44) -> 0 | G45: =SUM(G5:G44) -> 0 | H45: =SUM(H5:H44) -> 0 | I45: =SUM(I5:I44) -> 0

Sheet Gol do Rayo Diário
A1: Gol do Rayo
A2: Visão Diária — Dados do Dashboard
A4: Data | B4: Campanha | C4: Master | D4: Casa | E4: Registros | F4: FTD | G4: CPA | H4: Comissão Rev. | I4: Comissão CPA | J4: Comissão Final
A5: 46183 | B5: Comecial04_rayo | C5: Gol do Rayo | D5: MGM | E5: 25 | F5: 8 | G5: 4 | H5: 6.0305 | I5: 1040 | J5: 1046.0305
A6: 46183 | B6: Comecial09_rayo | C6: Gol do Rayo | D6: MGM | E6: 0 | F6: 0 | G6: 0 | H6: 0 | I6: 0 | J6: 0
A7: 46183 | B7: Comecial10_rayo | C7: Gol do Rayo | D7: MGM | E7: 0 | F7: 0 | G7: 0 | H7: 0 | I7: 0 | J7: 0
A8: 46183 | B8: Comercial01_rayo | C8: Gol do Rayo | D8: MGM | E8: 6 | F8: 7 | G8: 5 | H8: -112.42 | I8: 1300 | J8: 1187.58
A9: 46183 | B9: Comercial03_rayo | C9: Gol do Rayo | D9: MGM | E9: 0 | F9: 0 | G9: 0 | H9: 0 | I9: 0 | J9: 0
A10: 46183 | B10: Comercial05_rayo | C10: Gol do Rayo | D10: MGM | E10: 0 | F10: 0 | G10: 0 | H10: 0 | I10: 0 | J10: 0
A11: 46183 | B11: Comercial06_rayo | C11: Gol do Rayo | D11: MGM | E11: 1 | F11: 0 | G11: 0 | H11: 0 | I11: 0 | J11: 0
A12: 46183 | B12: Comercial07_rayo | C12: Gol do Rayo | D12: MGM | E12: 0 | F12: 0 | G12: 0 | H12: 0 | I12: 0 | J12: 0
A13: 46183 | B13: Comercial08_rayo | C13: Gol do Rayo | D13: MGM | E13: 0 | F13: 0 | G13: 0 | H13: 0 | I13: 0 | J13: 0
A14: 46183 | B14: Comercial11_rayo | C14: Gol do Rayo | D14: MGM | E14: 0 | F14: 0 | G14: 0 | H14: 0 | I14: 0 | J14: 0
A15: 46183 | B15: Comercias02_rayo | C15: Gol do Rayo | D15: MGM | E15: 0 | F15: 0 | G15: 0 | H15: 22.729 | I15: 0 | J15: 22.729
A16: 46183 | B16: Gol do Rayo - Alavancagem | C16: Gol do Rayo | D16: NOVIBET | E16: 3 | F16: 3 | G16: 0 | H16: -24.6848 | I16: 0 | J16: -24.6848
... A35: 46183 | B35: RayoLT | C35: Gol do Rayo | D35: SPORTINGBET | E35: 0 | F35: 0 | G35: 0 | H35: 52.79 | I35: 0 | J35: 52.79
A36: 46183 | B36: Subtotal do dia | E36: =SUM(E5:E35) -> 62 | F36: =SUM(F5:F35) -> 36 | G36: =SUM(G5:G35) -> 17 | H36: =SUM(H5:H35) -> 62.3398 | I36: =SUM(I5:I35) -> 3850 | J36: =SUM(J5:J35) -> 3912.3398
A38: 46184 | B38: Comecial04_rayo | C38: Gol do Rayo | D38: MGM | E38: 44 | F38: 21 | G38: 10 | H38: -53.9455 | I38: 2600 | J38: 2546.0545
A39: 46184 | B39: Comecial09_rayo | C39: Gol do Rayo | D39: MGM | E39: 0 | F39: 0 | G39: 0 | H39: 0 | I39: 0 | J39: 0
A40: 46184 | B40: Comecial10_rayo | C40: Gol do Rayo | D40: MGM | E40: 0 | F40: 0 | G40: 0 | H40: 0 | I40: 0 | J40: 0
A41: 46184 | B41: Comercial01_rayo | C41: Gol do Rayo | D41: MGM | E41: 91 | F41: 55 | G41: 41 | H41: -125.1145 | I41: 10660 | J41: 10534.886
A42: 46184 | B42: Comercial03_rayo | C42: Gol do Rayo | D42: MGM | E42: 0 | F42: 0 | G42: 0 | H42: 0 | I42: 0 | J42: 0
A43: 46184 | B43: Comercial05_rayo | C43: Gol do Rayo | D43: MGM | E43: 0 | F43: 0 | G43: 0 | H43: 0 | I43: 0 | J43: 0
A44: 46184 | B44: Comercial06_rayo | C44: Gol do Rayo | D44: MGM | E44: 0 | F44: 0 | G44: 0 | H44: -1.7395 | I44: 0 | J44: -1.7395
A45: 46184 | B45: Comercial07_rayo | C45: Gol do Rayo | D45: MGM | E45: 0 | F45: 0 | G45: 0 | H45: 0 | I45: 0 | J45: 0
A46: 46184 | B46: Comercial08_rayo | C46: Gol do Rayo | D46: MGM | E46: 0 | F46: 0 | G46: 0 | H46: 0 | I46: 0 | J46: 0
A47: 46184 | B47: Comercial11_rayo | C47: Gol do Rayo | D47: MGM | E47: 0 | F47: 0 | G47: 0 | H47: 0 | I47: 0 | J47: 0
A48: 46184 | B48: Comercias02_rayo | C48: Gol do Rayo | D48: MGM | E48: 0 | F48: 0 | G48: 1 | H48: 3.7415 | I48: 260 | J48: 263.7415
A49: 46184 | B49: Gol do Rayo - Alavancagem | C49: Gol do Rayo | D49: NOVIBET | E49: 6 | F49: 4 | G49: 4 | H49: -167.3216 | I49: 840 | J49: 672.6784
... A64: 46184 | B64: rayoboasvindas | C64: Gol do Rayo | D64: MGM | E64: 0 | F64: 0 | G64: 0 | H64: 0 | I64: 0 | J64: 0
A65: 46184 | B65: Subtotal do dia | E65: =SUM(E38:E64) -> 292 | F65: =SUM(F38:F64) -> 175 | G65: =SUM(G38:G64) -> 109 | H65: =SUM(H38:H64) -> 136.4906 | I65: =SUM(I38:I64) -> 26640 | J65: =SUM(J38:J64) -> 26776.491
A67: 46185 | B67: Comecial04_rayo | C67: Gol do Rayo | D67: MGM | E67: 39 | F67: 13 | G67: 7 | H67: 74.0145 | I67: 1820 | J67: 1894.0145
A68: 46185 | B68: Comecial09_rayo | C68: Gol do Rayo | D68: MGM | E68: 0 | F68: 0 | G68: 0 | H68: 0 | I68: 0 | J68: 0
A69: 46185 | B69: Comecial10_rayo | C69: Gol do Rayo | D69: MGM | E69: 0 | F69: 0 | G69: 0 | H69: 0 | I69: 0 | J69: 0
A70: 46185 | B70: Comercial01_rayo | C70: Gol do Rayo | D70: MGM | E70: 15 | F70: 12 | G70: 21 | H70: 16.961 | I70: 5460 | J70: 5476.961
A71: 46185 | B71: Comercial03_rayo | C71: Gol do Rayo | D71: MGM | E71: 0 | F71: 0 | G71: 0 | H71: 0 | I71: 0 | J71: 0
A72: 46185 | B72: Comercial05_rayo | C72: Gol do Rayo | D72: MGM | E72: 0 | F72: 0 | G72: 0 | H72: 0 | I72: 0 | J72: 0
A73: 46185 | B73: Comercial06_rayo | C73: Gol do Rayo | D73: MGM | E73: 0 | F73: 0 | G73: 0 | H73: 0.987 | I73: 0 | J73: 0.987
A74: 46185 | B74: Comercial07_rayo | C74: Gol do Rayo | D74: MGM | E74: 0 | F74: 0 | G74: 0 | H74: 0 | I74: 0 | J74: 0
A75: 46185 | B75: Comercial08_rayo | C75: Gol do Rayo | D75: MGM | E75: 0 | F75: 0 | G75: 0 | H75: 0 | I75: 0 | J75: 0
A76: 46185 | B76: Comercial11_rayo | C76: Gol do Rayo | D76: MGM | E76: 0 | F76: 0 | G76: 0 | H76: 0 | I76: 0 | J76: 0
A77: 46185 | B77: Comercias02_rayo | C77: Gol do Rayo | D77: MGM | E77: 0 | F77: 0 | G77: 1 | H77: -121.1245 | I77: 260 | J77: 138.8755
A78: 46185 | B78: Gol do Rayo - Alavancagem | C78: Gol do Rayo | D78: NOVIBET | E78: 5 | F78: 3 | G78: 2 | H78: 12.7072 | I78: 420 | J78: 432.7072
... A92: 46185 | B92: rayoboasvindas | C92: Gol do Rayo | D92: MGM | E92: 0 | F92: 0 | G92: 0 | H92: 0 | I92: 0 | J92: 0
A93: 46185 | B93: Subtotal do dia | E93: =SUM(E67:E92) -> 149 | F93: =SUM(F67:F92) -> 81 | G93: =SUM(G67:G92) -> 96 | H93: =SUM(H67:H92) -> 46.63 | I93: =SUM(I67:I92) -> 21170 | J93: =SUM(J67:J92) -> 21216.63
A95: 46186 | B95: Comecial04_rayo | C95: Gol do Rayo | D95: MGM | E95: 13 | F95: 8 | G95: 4 | H95: 195.979 | I95: 1040 | J95: 1235.979
A96: 46186 | B96: Comecial09_rayo | C96: Gol do Rayo | D96: MGM | E96: 0 | F96: 0 | G96: 0 | H96: 0 | I96: 0 | J96: 0
A97: 46186 | B97: Comecial10_rayo | C97: Gol do Rayo | D97: MGM | E97: 0 | F97: 0 | G97: 0 | H97: 0 | I97: 0 | J97: 0
A98: 46186 | B98: Comercial01_rayo | C98: Gol do Rayo | D98: MGM | E98: 44 | F98: 35 | G98: 41 | H98: 430.2025 | I98: 10660 | J98: 11090.202
A99: 46186 | B99: Comercial03_rayo | C99: Gol do Rayo | D99: MGM | E99: 0 | F99: 0 | G99: 0 | H99: 0 | I99: 0 | J99: 0
A100: 46186 | B100: Comercial05_rayo | C100: Gol do Rayo | D100: MGM | E100: 0 | F100: 0 | G100: 0 | H100: 0 | I100: 0 | J100: 0
A101: 46186 | B101: Comercial06_rayo | C101: Gol do Rayo | D101: MGM | E101: 0 | F101: 0 | G101: 0 | H101: 0.7525 | I101: 0 | J101: 0.7525
A102: 46186 | B102: Comercial07_rayo | C102: Gol do Rayo | D102: MGM | E102: 0 | F102: 0 | G102: 0 | H102: 0 | I102: 0 | J102: 0
A103: 46186 | B103: Comercial08_rayo | C103: Gol do Rayo | D103: MGM | E103: 0 | F103: 0 | G103: 0 | H103: 0 | I103: 0 | J103: 0
A104: 46186 | B104: Comercial11_rayo | C104: Gol do Rayo | D104: MGM | E104: 0 | F104: 0 | G104: 0 | H104: 0 | I104: 0 | J104: 0
A105: 46186 | B105: Comercias02_rayo | C105: Gol do Rayo | D105: MGM | E105: 0 | F105: 0 | G105: 1 | H105: 112.3745 | I105: 260 | J105: 372.3745
A106: 46186 | B106: Gol do Rayo - Alavancagem | C106: Gol do Rayo | D106: NOVIBET | E106: 3 | F106: 2 | G106: 4 | H106: 320.416 | I106: 840 | J106: 1160.416
... A117: 46186 | B117: rayoboasvindas | C117: Gol do Rayo | D117: MGM | E117: 0 | F117: 0 | G117: 0 | H117: 0 | I117: 0 | J117: 0
A118: 46186 | B118: Subtotal do dia | E118: =SUM(E95:E117) -> 165 | F118: =SUM(F95:F117) -> 117 | G118: =SUM(G95:G117) -> 120 | H118: =SUM(H95:H117) -> 1587.1283 | I118: =SUM(I95:I117) -> 31450 | J118: =SUM(J95:J117) -> 33037.128
A120: 46187 | B120: Comecial04_rayo | C120: Gol do Rayo | D120: MGM | E120: 25 | F120: 9 | G120: 5 | H120: 37.8595 | I120: 1300 | J120: 1337.8595
A121: 46187 | B121: Comecial09_rayo | C121: Gol do Rayo | D121: MGM | E121: 0 | F121: 0 | G121: 0 | H121: 0 | I121: 0 | J121: 0
A122: 46187 | B122: Comecial10_rayo | C122: Gol do Rayo | D122: MGM | E122: 0 | F122: 0 | G122: 0 | H122: 0 | I122: 0 | J122: 0
A123: 46187 | B123: Comercial01_rayo | C123: Gol do Rayo | D123: MGM | E123: 11 | F123: 10 | G123: 14 | H123: 153.055 | I123: 3640 | J123: 3793.055
A124: 46187 | B124: Comercial03_rayo | C124: Gol do Rayo | D124: MGM | E124: 0 | F124: 0 | G124: 0 | H124: 0 | I124: 0 | J124: 0
A125: 46187 | B125: Comercial05_rayo | C125: Gol do Rayo | D125: MGM | E125: 0 | F125: 0 | G125: 0 | H125: 0 | I125: 0 | J125: 0
A126: 46187 | B126: Comercial06_rayo | C126: Gol do Rayo | D126: MGM | E126: 0 | F126: 0 | G126: 0 | H126: 0 | I126: 0 | J126: 0
A127: 46187 | B127: Comercial07_rayo | C127: Gol do Rayo | D127: MGM | E127: 0 | F127: 0 | G127: 0 | H127: 0 | I127: 0 | J127: 0
A128: 46187 | B128: Comercial08_rayo | C128: Gol do Rayo | D128: MGM | E128: 1 | F128: 1 | G128: 1 | H128: 9.03 | I128: 260 | J128: 269.03
A129: 46187 | B129: Comercial11_rayo | C129: Gol do Rayo | D129: MGM | E129: 0 | F129: 0 | G129: 0 | H129: 0 | I129: 0 | J129: 0
A130: 46187 | B130: Comercias02_rayo | C130: Gol do Rayo | D130: MGM | E130: 0 | F130: 0 | G130: 0 | H130: 29.176 | I130: 0 | J130: 29.176
A131: 46187 | B131: Gol do Rayo - Alavancagem | C131: Gol do Rayo | D131: NOVIBET | E131: 0 | F131: 0 | G131: 4 | H131: 323.76 | I131: 840 | J131: 1163.76
... A139: 46187 | B139: goldorayo | C139: Gol do Rayo | D139: GALERA BET | E139: 0 | F139: 0 | G139: 0 | H139: 15.9 | I139: 0 | J139: 15.9
A140: 46187 | B140: goldorayo | C140: Gol do Rayo | D140: STAKE BC | E140: 0 | G140: 0 | I140: 0 | J140: 0
A141: 46187 | B141: rayobingaodacopa | C141: Gol do Rayo | D141: ESPORTIVA BET | E141: 0 | F141: 1 | G141: 0 | H141: 1.98 | I141: 0 | J141: 1.98
A142: 46187 | B142: rayobingaodacopa | C142: Gol do Rayo | D142: MGM | E142: 0 | F142: 0 | G142: 0 | H142: 0 | I142: 0 | J142: 0
A143: 46187 | B143: rayobingaodacopa | C143: Gol do Rayo | D143: SUPERBET NOVO | E143: 0 | F143: 0 | G143: 0 | H143: -0.9972 | I143: 0 | J143: -0.9972
A144: 46187 | B144: rayoboasvindas | C144: Gol do Rayo | D144: MGM | E144: 0 | F144: 0 | G144: 0 | H144: 0 | I144: 0 | J144: 0
A145: 46187 | B145: Subtotal do dia | E145: =SUM(E120:E144) -> 41 | F145: =SUM(F120:F144) -> 24 | G145: =SUM(G120:G144) -> 37 | H145: =SUM(H120:H144) -> 571.7975 | I145: =SUM(I120:I144) -> 10220 | J145: =SUM(J120:J144) -> 10791.798
A147: 46188 | B147: Comecial04_rayo | C147: Gol do Rayo | D147: MGM | E147: 19 | F147: 8 | G147: 7 | H147: 47.054 | I147: 1820 | J147: 1867.054
A148: 46188 | B148: Comecial09_rayo | C148: Gol do Rayo | D148: MGM | E148: 0 | F148: 0 | G148: 0 | H148: 0 | I148: 0 | J148: 0
A149: 46188 | B149: Comecial10_rayo | C149: Gol do Rayo | D149: MGM | E149: 0 | F149: 0 | G149: 0 | H149: 0 | I149: 0 | J149: 0
A150: 46188 | B150: Comercial01_rayo | C150: Gol do Rayo | D150: MGM | E150: 6 | F150: 6 | G150: 10 | H150: 445.4205 | I150: 2600 | J150: 3045.4205
A151: 46188 | B151: Comercial02GolDoRayo | C151: Gol do Rayo | D151: APOSTA GANHA | E151: 2 | F151: 2 | G151: 1 | H151: 0 | I151: 120 | J151: 120
A152: 46188 | B152: Comercial03_rayo | C152: Gol do Rayo | D152: MGM | E152: 0 | F152: 0 | G152: 0 | H152: 0 | I152: 0 | J152: 0
A153: 46188 | B153: Comercial05_rayo | C153: Gol do Rayo | D153: MGM | E153: 0 | F153: 0 | G153: 0 | H153: 0 | I153: 0 | J153: 0
A154: 46188 | B154: Comercial06_rayo | C154: Gol do Rayo | D154: MGM | E154: 0 | F154: 0 | G154: 0 | H154: 2.1 | I154: 0 | J154: 2.1
A155: 46188 | B155: Comercial07_rayo | C155: Gol do Rayo | D155: MGM | E155: 0 | F155: 0 | G155: 0 | H155: 0 | I155: 0 | J155: 0
A156: 46188 | B156: Comercial08_rayo | C156: Gol do Rayo | D156: MGM | E156: 0 | F156: 0 | G156: 0 | H156: 0 | I156: 0 | J156: 0
A157: 46188 | B157: Comercial11_rayo | C157: Gol do Rayo | D157: MGM | E157: 0 | F157: 0 | G157: 0 | H157: 0 | I157: 0 | J157: 0
A158: 46188 | B158: Comercias02_rayo | C158: Gol do Rayo | D158: MGM | E158: 0 | F158: 0 | G158: 0 | H158: -64.673 | I158: 0 | J158: -64.673
... A167: 46188 | B167: goldorayo | C167: Gol do Rayo | D167: ESPORTIVA BET | E167: 5 | F167: 4 | G167: 2 | H167: 383.42 | I167: 240 | J167: 623.42
A168: 46188 | B168: goldorayo | C168: Gol do Rayo | D168: STAKE BC | E168: 0 | G168: 0 | I168: 0 | J168: 0
A169: 46188 | B169: rayobingaodacopa | C169: Gol do Rayo | D169: ESPORTIVA BET | E169: 0 | F169: 0 | G169: 0 | H169: 0 | I169: 0 | J169: 0
A170: 46188 | B170: rayobingaodacopa | C170: Gol do Rayo | D170: MGM | E170: 0 | F170: 0 | G170: 0 | H170: 0 | I170: 0 | J170: 0
A171: 46188 | B171: rayobingaodacopa | C171: Gol do Rayo | D171: SUPERBET NOVO | E171: 0 | F171: 0 | G171: 1 | H171: 12.2044 | I171: 350 | J171: 362.2044
A172: 46188 | B172: rayoboasvindas | C172: Gol do Rayo | D172: MGM | E172: 0 | F172: 0 | G172: 0 | H172: 0 | I172: 0 | J172: 0
A173: 46188 | B173: Subtotal do dia | E173: =SUM(E147:E172) -> 36 | F173: =SUM(F147:F172) -> 27 | G173: =SUM(G147:G172) -> 33 | H173: =SUM(H147:H172) -> 1467.4863 | I173: =SUM(I147:I172) -> 8730 | J173: =SUM(J147:J172) -> 10197.486
A175: 46189 | B175: Comecial04_rayo | C175: Gol do Rayo | D175: MGM | E175: 3 | F175: 1 | G175: 4 | H175: 6.7305 | I175: 1040 | J175: 1046.7305
A176: 46189 | B176: Comecial09_rayo | C176: Gol do Rayo | D176: MGM | E176: 0 | F176: 0 | G176: 0 | H176: 0 | I176: 0 | J176: 0
A177: 46189 | B177: Comecial10_rayo | C177: Gol do Rayo | D177: MGM | E177: 0 | F177: 0 | G177: 0 | H177: 0 | I177: 0 | J177: 0
...

Sheet Gol do Rayo Ações
A1: Gol do Rayo
A2: Mapeamento de Ações de Promoção
A4: Data da Ação | B4: Campanha | C4: Tipo de Ação | D4: Canal | E4: Observações
A5: 46183 | C5: Movimentação normal no grupo
A6: 46184 | C6: Aposta Garantida (México)
A7: 46185 | C7: Aposta Garantida (EUA) | E7: Dia da restrição
A8: 46186 | C8: Aposta Garantida Brasil
A9: 46187 | C9: Movimentação normal no grupo
A10: 46188 | C10: Movimentação normal no grupo
A11: 46189 | C11: Lançamento BETGO

Sheet Gol do Rayo Total
A1: Gol do Rayo
A2: Conferência — Diário vs Semanal
A4: Métrica | B4: Total (dados do arquivo, 7 dias)
A5: Registros | B5: ='Gol do Rayo Diário'!E36+'Gol do Rayo Diário'!E65+'Gol do Rayo Diário'!E93+'Gol do Rayo Diário'!E118+'Gol do Rayo Diário'!E145+'Gol do Rayo Diário'!E173+'Gol do Rayo Diário'!E201 -> 1075
A6: FTD | B6: ='Gol do Rayo Diário'!F36+'Gol do Rayo Diário'!F65+'Gol do Rayo Diário'!F93+'Gol do Rayo Diário'!F118+'Gol do Rayo Diário'!F145+'Gol do Rayo Diário'!F173+'Gol do Rayo Diário'!F201 -> 639
A7: CPA | B7: ='Gol do Rayo Diário'!G36+'Gol do Rayo Diário'!G65+'Gol do Rayo Diário'!G93+'Gol do Rayo Diário'!G118+'Gol do Rayo Diário'!G145+'Gol do Rayo Diário'!G173+'Gol do Rayo Diário'!G201 -> 435
A8: Comissão Rev. | B8: ='Gol do Rayo Diário'!H36+'Gol do Rayo Diário'!H65+'Gol do Rayo Diário'!H93+'Gol do Rayo Diário'!H118+'Gol do Rayo Diário'!H145+'Gol do Rayo Diário'!H173+'Gol do Rayo Diário'!H201 -> 4107.5774
A9: Comissão CPA | B9: ='Gol do Rayo Diário'!I36+'Gol do Rayo Diário'!I65+'Gol do Rayo Diário'!I93+'Gol do Rayo Diário'!I118+'Gol do Rayo Diário'!I145+'Gol do Rayo Diário'!I173+'Gol do Rayo Diário'!I201 -> 106630
A10: Comissão Final | B10: ='Gol do Rayo Diário'!J36+'Gol do Rayo Diário'!J65+'Gol do Rayo Diário'!J93+'Gol do Rayo Diário'!J118+'Gol do Rayo Diário'!J145+'Gol do Rayo Diário'!J173+'Gol do Rayo Diário'!J201 -> 110737.58

Sheet Mateus Caumo Semanal
A1: Mateus Caumo
A2: Visão Semanal (7 dias) — Dados do Dashboard
A4: Campanha | B4: Master | C4: Casa | D4: Registros | E4: FTD | F4: CPA | G4: Comissão Rev. | H4: Comissão CPA | I4: Comissão Final
A45: Total | D45: =SUM(D5:D44) -> 0 | E45: =SUM(E5:E44) -> 0 | F45: =SUM(F5:F44) -> 0 | G45: =SUM(G5:G44) -> 0 | H45: =SUM(H5:H44) -> 0 | I45: =SUM(I5:I44) -> 0

Sheet Mateus Caumo Diário
A1: Mateus Caumo
A2: Visão Diária — Dados do Dashboard
A4: Data | B4: Campanha | C4: Master | D4: Casa | E4: Registros | F4: FTD | G4: CPA | H4: Comissão Rev. | I4: Comissão CPA | J4: Comissão Final
A5: 46183 | B5: [MATEUS] CAUMOSTATS - NOVO | C5: Mateus Caumo | D5: MGM | E5: 1 | F5: 1 | G5: 0 | H5: 0 | I5: 0 | J5: 0
A6: 46183 | B6: [MATEUS] GIRO PREMIADO - NOVO | C6: Mateus Caumo | D6: MGM | E6: 0 | F6: 0 | G6: 0 | H6: -3.626 | I6: 0 | J6: -3.626
A7: 46183 | B7: [MATEUS] SEGUIDOR PREMIADO - NOVO | C7: Mateus Caumo | D7: MGM | E7: 0 | F7: 0 | G7: 0 | H7: 0 | I7: 0 | J7: 0
A8: 46183 | B8: [MATEUS] TELEGRAM - NOVO | C8: Mateus Caumo | D8: MGM | E8: 0 | F8: 1 | G8: 1 | H8: 20.9475 | I8: 260 | J8: 280.9475
A9: 46183 | B9: Bilhete_Pronto - Matheus Caumo | C9: Mateus Caumo | D9: MGM | E9: 0 | F9: 0 | G9: 0 | H9: 0 | I9: 0 | J9: 0
A10: 46183 | B10: bingaodacopa | C10: Mateus Caumo | D10: MGM | E10: 0 | F10: 0 | G10: 0 | H10: 0 | I10: 0 | J10: 0
A11: 46183 | B11: Caiomiranda | C11: Mateus Caumo | D11: MGM | E11: 0 | F11: 0 | G11: 0 | H11: 4.2 | I11: 0 | J11: 4.2
A12: 46183 | B12: CaumoStats | C12: Mateus Caumo | D12: ESPORTIVA BET | E12: 0 | F12: 0 | G12: 0 | H12: -5.4 | I12: 0 | J12: -5.4
A13: 46183 | B13: CaumoStats | C13: Mateus Caumo | D13: GALERA BET | E13: 0 | F13: 0 | G13: 0 | H13: 0 | I13: 0 | J13: 0
A14: 46183 | B14: CaumoStats | C14: Mateus Caumo | D14: STAKE | E14: 0 | F14: 0 | G14: 0 | H14: 0 | I14: 0 | J14: 0
A15: 46183 | B15: comercial01_caumo | C15: Mateus Caumo | D15: MGM | E15: 0 | F15: 0 | G15: 0 | H15: 0 | I15: 0 | J15: 0
A16: 46183 | B16: comercial02_caumo | C16: Mateus Caumo | D16: MGM | E16: 0 | F16: 0 | G16: 0 | H16: 0 | I16: 0 | J16: 0
... A83: 46183 | B83: Vip | C83: Mateus Caumo | D83: ESPORTIVA BET | E83: 40 | F83: 37 | G83: 21 | H83: 52.45 | I83: 2520 | J83: 2572.45
A84: 46183 | B84: Subtotal do dia | E84: =SUM(E5:E83) -> 211 | F84: =SUM(F5:F83) -> 174 | G84: =SUM(G5:G83) -> 96 | H84: =SUM(H5:H83) -> 95.3714 | I84: =SUM(I5:I83) -> 15990 | J84: =SUM(J5:J83) -> 16085.371
A86: 46184 | B86: [MATEUS] CAUMOSTATS - NOVO | C86: Mateus Caumo | D86: MGM | E86: 0 | F86: 1 | G86: 1 | H86: 0 | I86: 260 | J86: 260
A87: 46184 | B87: [MATEUS] GIRO PREMIADO - NOVO | C87: Mateus Caumo | D87: MGM | E87: 0 | F87: 0 | G87: 0 | H87: -27.986 | I87: 0 | J87: -27.986
A88: 46184 | B88: [MATEUS] SEGUIDOR PREMIADO - NOVO | C88: Mateus Caumo | D88: MGM | E88: 0 | F88: 0 | G88: 0 | H88: -0.861 | I88: 0 | J88: -0.861
A89: 46184 | B89: [MATEUS] TELEGRAM - NOVO | C89: Mateus Caumo | D89: MGM | E89: 0 | F89: 0 | G89: 1 | H89: -5.5125 | I89: 260 | J89: 254.4875
A90: 46184 | B90: Bilhete_Pronto - Matheus Caumo | C90: Mateus Caumo | D90: MGM | E90: 0 | F90: 0 | G90: 0 | H90: 0 | I90: 0 | J90: 0
A91: 46184 | B91: bingaodacopa | C91: Mateus Caumo | D91: MGM | E91: 6 | F91: 0 | G91: 0 | H91: 0 | I91: 0 | J91: 0
A92: 46184 | B92: Caiomiranda | C92: Mateus Caumo | D92: MGM | E92: 0 | F92: 0 | G92: 0 | H92: 17.5525 | I92: 0 | J92: 17.5525
A93: 46184 | B93: CaumoStats | C93: Mateus Caumo | D93: ESPORTIVA BET | E93: 1 | F93: 1 | G93: 0 | H93: 8.97 | I93: 0 | J93: 8.97
A94: 46184 | B94: CaumoStats | C94: Mateus Caumo | D94: GALERA BET | E94: 4 | F94: 3 | G94: 0 | H94: -2.07 | I94: 0 | J94: -2.07
A95: 46184 | B95: comercial01_caumo | C95: Mateus Caumo | D95: MGM | E95: 0 | F95: 0 | G95: 0 | H95: 0 | I95: 0 | J95: 0
A96: 46184 | B96: comercial02_caumo | C96: Mateus Caumo | D96: MGM | E96: 0 | F96: 0 | G96: 0 | H96: 0 | I96: 0 | J96: 0
A97: 46184 | B97: comercial03_caumo | C97: Mateus Caumo | D97: MGM | E97: 0 | F97: 0 | G97: 0 | H97: 0 | I97: 0 | J97: 0
... A141: 46184 | B141: Vip | C141: Mateus Caumo | D141: ESPORTIVA BET | E141: 31 | F141: 27 | G141: 38 | H141: 1269.35 | I141: 4560 | J141: 5829.35
A142: 46184 | B142: Subtotal do dia | E142: =SUM(E86:E141) -> 268 | F142: =SUM(F86:F141) -> 211 | G142: =SUM(G86:G141) -> 190 | H142: =SUM(H86:H141) -> 8398.5668 | I142: =SUM(I86:I141) -> 33180 | J142: =SUM(J86:J141) -> 41578.567
A144: 46185 | B144: [MATEUS] CAUMOSTATS - NOVO | C144: Mateus Caumo | D144: MGM | E144: 0 | F144: 0 | G144: 0 | H144: -1.463 | I144: 0 | J144: -1.463
A145: 46185 | B145: [MATEUS] GIRO PREMIADO - NOVO | C145: Mateus Caumo | D145: MGM | E145: 0 | F145: 0 | G145: 0 | H145: -35.315 | I145: 0 | J145: -35.315
A146: 46185 | B146: [MATEUS] SEGUIDOR PREMIADO - NOVO | C146: Mateus Caumo | D146: MGM | E146: 0 | F146: 0 | G146: 0 | H146: -1.092 | I146: 0 | J146: -1.092
A147: 46185 | B147: [MATEUS] TELEGRAM - NOVO | C147: Mateus Caumo | D147: MGM | E147: 0 | F147: 0 | G147: 0 | H147: -4.935 | I147: 0 | J147: -4.935
A148: 46185 | B148: Bilhete_Pronto - Matheus Caumo | C148: Mateus Caumo | D148: MGM | E148: 0 | F148: 0 | G148: 0 | H148: 0 | I148: 0 | J148: 0
A149: 46185 | B149: bingaodacopa | C149: Mateus Caumo | D149: MGM | E149: 0 | F149: 0 | G149: 0 | H149: 0 | I149: 0 | J149: 0
A150: 46185 | B150: Caiomiranda | C150: Mateus Caumo | D150: MGM | E150: 0 | F150: 0 | G150: 0 | H150: 2.0125 | I150: 0 | J150: 2.0125
A151: 46185 | B151: CaumoStats | C151: Mateus Caumo | D151: ESPORTIVA BET | E151: 1 | F151: 1 | G151: 0 | H151: 0 | I151: 0 | J151: 0
A152: 46185 | B152: CaumoStats | C152: Mateus Caumo | D152: GALERA BET | E152: 1 | F152: 0 | G152: 0 | H152: 0 | I152: 0 | J152: 0
A153: 46185 | B153: comercial01_caumo | C153: Mateus Caumo | D153: MGM | E153: 0 | F153: 0 | G153: 0 | H153: 0 | I153: 0 | J153: 0
A154: 46185 | B154: comercial02_caumo | C154: Mateus Caumo | D154: MGM | E154: 0 | F154: 0 | G154: 0 | H154: 0 | I154: 0 | J154: 0
A155: 46185 | B155: comercial03_caumo | C155: Mateus Caumo | D155: MGM | E155: 0 | F155: 0 | G155: 0 | H155: 0 | I155: 0 | J155: 0
... A198: 46185 | B198: Vip | C198: Mateus Caumo | D198: ESPORTIVA BET | E198: 2 | F198: 2 | G198: 8 | H198: -540.04 | I198: 960 | J198: 419.96
A199: 46185 | B199: Subtotal do dia | E199: =SUM(E144:E198) -> 64 | F199: =SUM(F144:F198) -> 61 | G199: =SUM(G144:G198) -> 79 | H199: =SUM(H144:H198) -> -2220.8665 | I199: =SUM(I144:I198) -> 15990 | J199: =SUM(J144:J198) -> 13769.133
A201: 46186 | B201: [MATEUS] CAUMOSTATS - NOVO | C201: Mateus Caumo | D201: MGM | E201: 1 | F201: 0 | G201: 0 | H201: 3.983 | I201: 0 | J201: 3.983
A202: 46186 | B202: [MATEUS] GIRO PREMIADO - NOVO | C202: Mateus Caumo | D202: MGM | E202: 0 | F202: 0 | G202: 0 | H202: 160.8705 | I202: 0 | J202: 160.8705
A203: 46186 | B203: [MATEUS] SEGUIDOR PREMIADO - NOVO | C203: Mateus Caumo | D203: MGM | E203: 0 | F203: 0 | G203: 0 | H203: -95.34 | I203: 0 | J203: -95.34
A204: 46186 | B204: [MATEUS] TELEGRAM - NOVO | C204: Mateus Caumo | D204: MGM | E204: 0 | F204: 0 | G204: 0 | H204: 54.3865 | I204: 0 | J204: 54.3865
A205: 46186 | B205: Bilhete_Pronto - Matheus Caumo | C205: Mateus Caumo | D205: MGM | E205: 0 | F205: 0 | G205: 0 | H205: 0 | I205: 0 | J205: 0
A206: 46186 | B206: bingaodacopa | C206: Mateus Caumo | D206: MGM | E206: 0 | F206: 0 | G206: 0 | H206: 0 | I206: 0 | J206: 0
A207: 46186 | B207: Bolaodupla | C207: Mateus Caumo | D207: ESPORTIVA BET | E207: 0 | F207: 1 | G207: 0 | H207: 0 | I207: 0 | J207: 0
A208: 46186 | B208: Caiomiranda | C208: Mateus Caumo | D208: MGM | E208: 0 | F208: 0 | G208: 0 | H208: -5.95 | I208: 0 | J208: -5.95
A209: 46186 | B209: CaumoStats | C209: Mateus Caumo | D209: ESPORTIVA BET | E209: 2 | F209: 1 | G209: 1 | H209: 9.85 | I209: 120 | J209: 129.85
A210: 46186 | B210: CaumoStats | C210: Mateus Caumo | D210: GALERA BET | E210: 5 | F210: 3 | G210: 0 | H210: -0.492 | I210: 0 | J210: -0.492
A211: 46186 | B211: comercial01_caumo | C211: Mateus Caumo | D211: MGM | E211: 0 | F211: 0 | G211: 0 | H211: 0 | I211: 0 | J211: 0
A212: 46186 | B212: comercial02_caumo | C212: Mateus Caumo | D212: MGM | E212: 0 | F212: 0 | G212: 0 | H212: 0 | I212: 0 | J212: 0
... A258: 46186 | B258: Vip | C258: Mateus Caumo | D258: ESPORTIVA BET | E258: 20 | F258: 19 | G258: 16 | H258: 1666.84 | I258: 1920 | J258: 3586.84
A259: 46186 | B259: Subtotal do dia | E259: =SUM(E201:E258) -> 363 | F259: =SUM(F201:F258) -> 314 | G259: =SUM(G201:G258) -> 232 | H259: =SUM(H201:H258) -> 20459.634 | I259: =SUM(I201:I258) -> 36250 | J259: =SUM(J201:J258) -> 56709.634
A261: 46187 | B261: [MATEUS] CAUMOSTATS - NOVO | C261: Mateus Caumo | D261: MGM | E261: 0 | F261: 0 | G261: 0 | H261: 1.68 | I261: 0 | J261: 1.68
A262: 46187 | B262: [MATEUS] GIRO PREMIADO - NOVO | C262: Mateus Caumo | D262: MGM | E262: 0 | F262: 0 | G262: 0 | H262: -44.9365 | I262: 0 | J262: -44.9365
A263: 46187 | B263: [MATEUS] SEGUIDOR PREMIADO - NOVO | C263: Mateus Caumo | D263: MGM | E263: 0 | F263: 0 | G263: 0 | H263: 2.0825 | I263: 0 | J263: 2.0825
A264: 46187 | B264: [MATEUS] TELEGRAM - NOVO | C264: Mateus Caumo | D264: MGM | E264: 0 | F264: 0 | G264: 0 | H264: -82.971 | I264: 0 | J264: -82.971
A265: 46187 | B265: Bilhete_Pronto - Matheus Caumo | C265: Mateus Caumo | D265: MGM | E265: 0 | F265: 0 | G265: 0 | H265: 0 | I265: 0 | J265: 0
A266: 46187 | B266: bingaodacopa | C266: Mateus Caumo | D266: ESPORTIVA BET | E266: 1 | F266: 0 | G266: 0 | H266: 0 | I266: 0 | J266: 0
A267: 46187 | B267: bingaodacopa | C267: Mateus Caumo | D267: MGM | E267: 1 | F267: 1 | G267: 0 | H267: 0.42 | I267: 0 | J267: 0.42
A268: 46187 | B268: Bolaodupla | C268: Mateus Caumo | D268: ESPORTIVA BET | E268: 0 | F268: 0 | G268: 0 | H268: 1.8 | I268: 0 | J268: 1.8
A269: 46187 | B269: Caiomiranda | C269: Mateus Caumo | D269: MGM | E269: 0 | F269: 0 | G269: 0 | H269: -0.028 | I269: 0 | J269: -0.028
A270: 46187 | B270: CaumoStats | C270: Mateus Caumo | D270: ESPORTIVA BET | E270: 2 | F270: 1 | G270: 0 | H270: 0 | I270: 0 | J270: 0
A271: 46187 | B271: CaumoStats | C271: Mateus Caumo | D271: GALERA BET | E271: 0 | F271: 0 | G271: 0 | H271: 0 | I271: 0 | J271: 0
A272: 46187 | B272: comercial01_caumo | C272: Mateus Caumo | D272: MGM | E272: 0 | F272: 0 | G272: 0 | H272: 0 | I272: 0 | J272: 0
... A294: 46187 | B294: Mateus Caumo 4 | C294: Mateus Caumo | D294: GALERA BET | E294: 0 | F294: 0 | G294: 0 | H294: 92.598 | I294: 0 | J294: 92.598
A295: 46187 | B295: mateuscaumo | C295: Mateus Caumo | D295: BETDASORTE BC | E295: 161 | G295: 106 | I295: 41870 | J295: 41870
A296: 46187 | B296: mateuscaumo | C296: Mateus Caumo | D296: BETGO | E296: 0 | F296: 0 | G296: 0 | H296: 0 | I296: 0 | J296: 0
A297: 46187 | B297: mateuscaumo | C297: Mateus Caumo | D297: JONBET | E297: 0 | F297: 0 | G297: 0 | H297: -7.56 | I297: 0 | J297: -7.56
A298: 46187 | B298: mateuscaumo | C298: Mateus Caumo | D298: NOVIBET BC | E298: 81 | G298: 37 | I298: 14615 | J298: 14615
A299: 46187 | B299: mateuscaumo | C299: Mateus Caumo | D299: STAKE BC | E299: 1 | G299: 0 | I299: 0 | J299: 0
A300: 46187 | B300: mateuscaumo - Isabela Martim | C300: Mateus Caumo | D300: SUPERBET NOVO | E300: 0 | F300: 0 | G300: 0 | H300: -4.3725 | I300: 0 | J300: -4.3725
A301: 46187 | B301: mateuscaumo - João Gabriel | C301: Mateus Caumo | D301: SUPERBET NOVO | E301: 2 | F301: 1 | G301: 1 | H301: 40.5112 | I301: 350 | J301: 390.5112
A302: 46187 | B302: mateuscaumo - Márcio Vinícius | C302: Mateus Caumo | D302: SUPERBET NOVO | E302: 0 | F302: 0 | G302: 0 | H302: 4.0359 | I302: 0 | J302: 4.0359
A303: 46187 | B303: mateuscaumo - telegram | C303: Mateus Caumo | D303: SUPERBET NOVO | E303: 3 | F303: 0 | G303: 4 | H303: 2304.9429 | I303: 1400 | J303: 3704.9429
A304: 46187 | B304: mateuscaumoboasvindas | C304: Mateus Caumo | D304: MGM | E304: 0 | F304: 0 | G304: 0 | H304: 0 | I304: 0 | J304: 0
A305: 46187 | B305: Mateuscaumocomercial01 | C305: Mateus Caumo | D305: APOSTA GANHA | E305: 16 | F305: 16 | G305: 13 | H305: 59.5 | I305: 1560 | J305: 1619.5
A306: 46187 | B306: Mateuscaumocomercial01 | C306: Mateus Caumo | D306: ESPORTIVA BET | E306: 2 | F306: 1 | G306: 1 | H306: 53.6 | I306: 120 | J306: 173.6
A307: 46187 | B307: Mateuscaumocomercial01 | C307: Mateus Caumo | D307: NOVIBET BC | E307: 7 | G307: 4 | I307: 1580 | J307: 1580
A308: 46187 | B308: Mateuscaumocomercial01 | C308: Mateus Caumo | D308: STAKE BC | E308: 0 | G308: 0 | I308: 0 | J308: 0
A309: 46187 | B309: Mateuscaumocomercial02 | C309: Mateus Caumo | D309: NOVIBET BC | E309: 4 | G309: 3 | I309: 1185 | J309: 1185
A310: 46187 | B310: Mateuscaumocomercial02 | C310: Mateus Caumo | D310: STAKE BC | E310: 20 | G310: 4 | I310: 1580 | J310: 1580
A311: 46187 | B311: Mateuscaumocomercial03 | C311: Mateus Caumo | D311: NOVIBET BC | E311: 1 | G311: 0 | I311: 0 | J311: 0
A312: 46187 | B312: Mateuscaumocomercial03 | C312: Mateus Caumo | D312: STAKE BC | E312: 17 | G312: 4 | I312: 1580 | J312: 1580
A313: 46187 | B313: Mateuscaumocomercial04 | C313: Mateus Caumo | D313: ESPORTIVA BET | E313: 0 | F313: 0 | G313: 0 | H313: 21.37 | I313: 0 | J313: 21.37
A314: 46187 | B314: Mateuscaumocomercial04 | C314: Mateus Caumo | D314: NOVIBET BC | E314: 2 | G314: 1 | I314: 395 | J314: 395
A315: 46187 | B315: Mateuscaumocomercial04 | C315: Mateus Caumo | D315: STAKE BC | E315: 15 | G315: 4 | I315: 1580 | J315: 1580
A316: 46187 | B316: Mateuscaumocomercial11 | C316: Mateus Caumo | D316: NOVIBET | E316: 0 | F316: 0 | G316: 0 | H316: 3.4656 | I316: 0 | J316: 3.4656
A317: 46187 | B317: Mateuscaumocomercial11 | C317: Mateus Caumo | D317: SUPERBET NOVO | E317: 1 | F317: 0 | G317: 0 | H317: -6.1585 | I317: 0 | J317: -6.1585
A318: 46187 | B318: Mateuscaumotips | C318: Mateus Caumo | D318: APOSTA GANHA | E318: 1 | F318: 1 | G318: 3 | H318: 171.8693 | I318: 360 | J318: 531.8693
A319: 46187 | B319: Mateuscaumotips | C319: Mateus Caumo | D319: ESPORTIVA BET | E319: 11 | F319: 5 | G319: 8 | H319: 2065.74 | I319: 960 | J319: 3025.74
A320: 46187 | B320: mateuswpp | C320: Mateus Caumo | D320: ESPORTIVA BET | E320: 0 | F320: 0 | G320: 0 | H320: 92.94 | I320: 0 | J320: 92.94
A321: 46187 | B321: Telegram | C321: Mateus Caumo | D321: ESPORTIVA BET | E321: 0 | F321: 0 | G321: 0 | H321: -436 | I321: 0 | J321: -436
A322: 46187 | B322: Thalyaoliveira | C322: Mateus Caumo | D322: MGM | E322: 0 | F322: 0 | G322: 0 | H322: 2.436 | I322: 0 | J322: 2.436
...

Sheet Mateus Caumo Ações
A1: Mateus Caumo
A2: Mapeamento de Ações de Promoção
A4: Data da Ação | B4: Campanha | C4: Tipo de Ação | D4: Canal | E4: Observações
A5: 46183 | C5: Lançamento grupo da Copa
A6: 46184 | C6: Bingão e movimento normal
A7: 46185 | C7: Movimentação normal no grupo | E7: Dia da restrição
A8: 46186 | C8: Movimentação normal no grupo
A9: 46187 | C9: Movimentação normal no grupo
A10: 46188 | C10: Movimentação normal do grupo
A11: 46189 | C11: Lançamento BETGO

Sheet Mateus Caumo Total
A1: Mateus Caumo
A2: Conferência — Diário vs Semanal
A4: Métrica | B4: Total (dados do arquivo, 7 dias)
A5: Registros | B5: ='Mateus Caumo Diário'!E84+'Mateus Caumo Diário'!E142+'Mateus Caumo Diário'!E199+'Mateus Caumo Diário'!E259+'Mateus Caumo Diário'!E325+'Mateus Caumo Diário'!E391+'Mateus Caumo Diário'!E456 -> 2448
A6: FTD | B6: ='Mateus Caumo Diário'!F84+'Mateus Caumo Diário'!F142+'Mateus Caumo Diário'!F199+'Mateus Caumo Diário'!F259+'Mateus Caumo Diário'!F325+'Mateus Caumo Diário'!F391+'Mateus Caumo Diário'!F456 -> 1413
A7: CPA | B7: ='Mateus Caumo Diário'!G84+'Mateus Caumo Diário'!G142+'Mateus Caumo Diário'!G199+'Mateus Caumo Diário'!G259+'Mateus Caumo Diário'!G325+'Mateus Caumo Diário'!G391+'Mateus Caumo Diário'!G456 -> 989
A8: Comissão Rev. | B8: ='Mateus Caumo Diário'!H84+'Mateus Caumo Diário'!H142+'Mateus Caumo Diário'!H199+'Mateus Caumo Diário'!H259+'Mateus Caumo Diário'!H325+'Mateus Caumo Diário'!H391+'Mateus Caumo Diário'!H456 -> 35777.164
A9: Comissão CPA | B9: ='Mateus Caumo Diário'!I84+'Mateus Caumo Diário'!I142+'Mateus Caumo Diário'!I199+'Mateus Caumo Diário'!I259+'Mateus Caumo Diário'!I325+'Mateus Caumo Diário'!I391+'Mateus Caumo Diário'!I456 -> 215490
A10: Comissão Final | B10: ='Mateus Caumo Diário'!J84+'Mateus Caumo Diário'!J142+'Mateus Caumo Diário'!J199+'Mateus Caumo Diário'!J259+'Mateus Caumo Diário'!J325+'Mateus Caumo Diário'!J391+'Mateus Caumo Diário'!J456 -> 251267.16

Sheet Rennan Semanal
A1: Rennan
A2: Visão Semanal (7 dias) — Dados do Dashboard
A4: Campanha | B4: Master | C4: Casa | D4: Registros | E4: FTD | F4: CPA | G4: Comissão Rev. | H4: Comissão CPA | I4: Comissão Final
A45: Total | D45: =SUM(D5:D44) -> 0 | E45: =SUM(E5:E44) -> 0 | F45: =SUM(F5:F44) -> 0 | G45: =SUM(G5:G44) -> 0 | H45: =SUM(H5:H44) -> 0 | I45: =SUM(I5:I44) -> 0

Sheet Rennan Diário
A1: Rennan
A2: Visão Diária — Dados do Dashboard
A4: Data | B4: Campanha | C4: Master | D4: Casa | E4: Registros | F4: FTD | G4: CPA | H4: Comissão Rev. | I4: Comissão CPA | J4: Comissão Final
A5: 46183 | B5: Comercia03_renan | C5: Rennan | D5: MGM | E5: 0 | F5: 0 | G5: 0 | H5: -3.15 | I5: 0 | J5: -3.15
A6: 46183 | B6: Comercial01_renan | C6: Rennan | D6: MGM | E6: 12 | F6: 10 | G6: 9 | H6: -53.9525 | I6: 2340 | J6: 2286.0475
A7: 46183 | B7: Comercial01RennanBraganca | C7: Rennan | D7: JONBET | E7: 0 | F7: 0 | G7: 0 | H7: -0.06 | I7: 0 | J7: -0.06
A8: 46183 | B8: Comercial02_renan | C8: Rennan | D8: MGM | E8: 0 | F8: 0 | G8: 0 | H8: 0 | I8: 0 | J8: 0
A9: 46183 | B9: Comercial02RennanBraganca | C9: Rennan | D9: JONBET | E9: 0 | F9: 0 | G9: 0 | H9: 0 | I9: 0 | J9: 0
A10: 46183 | B10: Comercial03RennanBraganca | C10: Rennan | D10: JONBET | E10: 0 | F10: 0 | G10: 0 | H10: -0.06 | I10: 0 | J10: -0.06
A11: 46183 | B11: Comercial04_renan | C11: Rennan | D11: MGM | E11: 1 | F11: 1 | G11: 0 | H11: -9.2785 | I11: 0 | J11: -9.2785
A12: 46183 | B12: Comercial05_renan | C12: Rennan | D12: MGM | E12: 0 | F12: 0 | G12: 0 | H12: 0 | I12: 0 | J12: 0
A13: 46183 | B13: Comercial06_renan | C13: Rennan | D13: MGM | E13: 0 | F13: 0 | G13: 0 | H13: 0 | I13: 0 | J13: 0
A14: 46183 | B14: Comercial07_renan | C14: Rennan | D14: MGM | E14: 0 | F14: 0 | G14: 0 | H14: 0 | I14: 0 | J14: 0
A15: 46183 | B15: Comercial08_renan | C15: Rennan | D15: MGM | E15: 0 | F15: 0 | G15: 0 | H15: 0 | I15: 0 | J15: 0
A16: 46183 | B16: Comercial09_renan | C16: Rennan | D16: MGM | E16: 0 | F16: 0 | G16: 0 | H16: 0 | I16: 0 | J16: 0
... A37: 46183 | B37: rennnanboasvindas | C37: Rennan | D37: MGM | E37: 0 | F37: 0 | G37: 0 | H37: 0 | I37: 0 | J37: 0
A38: 46183 | B38: Subtotal do dia | E38: =SUM(E5:E37) -> 26 | F38: =SUM(F5:F37) -> 21 | G38: =SUM(G5:G37) -> 18 | H38: =SUM(H5:H37) -> 24.9021 | I38: =SUM(I5:I37) -> 4150 | J38: =SUM(J5:J37) -> 4174.9021
A40: 46184 | B40: Comercia03_renan | C40: Rennan | D40: MGM | E40: 0 | F40: 0 | G40: 1 | H40: -48.3945 | I40: 260 | J40: 211.6055
A41: 46184 | B41: Comercial01_renan | C41: Rennan | D41: MGM | E41: 6 | F41: 4 | G41: 3 | H41: -26.2745 | I41: 780 | J41: 753.7255
A42: 46184 | B42: Comercial02_renan | C42: Rennan | D42: MGM | E42: 0 | F42: 0 | G42: 0 | H42: 0 | I42: 0 | J42: 0
A43: 46184 | B43: Comercial04_renan | C43: Rennan | D43: MGM | E43: 7 | F43: 2 | G43: 0 | H43: 2.8875 | I43: 0 | J43: 2.8875
A44: 46184 | B44: Comercial05_renan | C44: Rennan | D44: MGM | E44: 0 | F44: 0 | G44: 0 | H44: 0 | I44: 0 | J44: 0
A45: 46184 | B45: Comercial06_renan | C45: Rennan | D45: MGM | E45: 0 | F45: 0 | G45: 0 | H45: 0 | I45: 0 | J45: 0
A46: 46184 | B46: Comercial07_renan | C46: Rennan | D46: MGM | E46: 0 | F46: 0 | G46: 0 | H46: 0 | I46: 0 | J46: 0
A47: 46184 | B47: Comercial08_renan | C47: Rennan | D47: MGM | E47: 0 | F47: 0 | G47: 0 | H47: 0 | I47: 0 | J47: 0
A48: 46184 | B48: Comercial09_renan | C48: Rennan | D48: MGM | E48: 0 | F48: 0 | G48: 0 | H48: 0 | I48: 0 | J48: 0
A49: 46184 | B49: Comercial10_renan | C49: Rennan | D49: MGM | E49: 0 | F49: 0 | G49: 0 | H49: 0 | I49: 0 | J49: 0
A50: 46184 | B50: Comercial11_renan | C50: Rennan | D50: MGM | E50: 0 | F50: 0 | G50: 0 | H50: 0 | I50: 0 | J50: 0
A51: 46184 | B51: Rennan Bragança - Alavancagem | C51: Rennan | D51: NOVIBET | E51: 7 | F51: 2 | G51: 2 | H51: 65.8464 | I51: 420 | J51: 485.8464
... A63: 46184 | B63: rennnanboasvindas | C63: Rennan | D63: MGM | E63: 0 | F63: 0 | G63: 0 | H63: 0 | I63: 0 | J63: 0
A64: 46184 | B64: Subtotal do dia | E64: =SUM(E40:E63) -> 34 | F64: =SUM(F40:F63) -> 16 | G64: =SUM(G40:G63) -> 13 | H64: =SUM(H40:H63) -> 100.5761 | I64: =SUM(I40:I63) -> 2840 | J64: =SUM(J40:J63) -> 2940.5761
A66: 46185 | B66: Comercia03_renan | C66: Rennan | D66: MGM | E66: 0 | F66: 0 | G66: 4 | H66: 40.999 | I66: 1040 | J66: 1080.999
A67: 46185 | B67: Comercial01_renan | C67: Rennan | D67: MGM | E67: 4 | F67: 1 | G67: 1 | H67: -6.559 | I67: 260 | J67: 253.441
A68: 46185 | B68: Comercial02_renan | C68: Rennan | D68: MGM | E68: 0 | F68: 0 | G68: 0 | H68: -0.8155 | I68: 0 | J68: -0.8155
A69: 46185 | B69: Comercial04_renan | C69: Rennan | D69: MGM | E69: 8 | F69: 4 | G69: 2 | H69: -5.586 | I69: 520 | J69: 514.414
A70: 46185 | B70: Comercial05_renan | C70: Rennan | D70: MGM | E70: 0 | F70: 0 | G70: 0 | H70: 0 | I70: 0 | J70: 0
A71: 46185 | B71: Comercial06_renan | C71: Rennan | D71: MGM | E71: 0 | F71: 0 | G71: 0 | H71: 0 | I71: 0 | J71: 0
A72: 46185 | B72: Comercial07_renan | C72: Rennan | D72: MGM | E72: 0 | F72: 0 | G72: 0 | H72: 0 | I72: 0 | J72: 0
A73: 46185 | B73: Comercial08_renan | C73: Rennan | D73: MGM | E73: 0 | F73: 0 | G73: 0 | H73: 0 | I73: 0 | J73: 0
A74: 46185 | B74: Comercial09_renan | C74: Rennan | D74: MGM | E74: 0 | F74: 0 | G74: 0 | H74: 0 | I74: 0 | J74: 0
A75: 46185 | B75: Comercial10_renan | C75: Rennan | D75: MGM | E75: 0 | F75: 0 | G75: 0 | H75: 0 | I75: 0 | J75: 0
A76: 46185 | B76: Comercial11_renan | C76: Rennan | D76: MGM | E76: 0 | F76: 0 | G76: 0 | H76: 0 | I76: 0 | J76: 0
A77: 46185 | B77: Rennan Bragança - Alavancagem | C77: Rennan | D77: NOVIBET | E77: 0 | F77: 0 | G77: 0 | H77: 42.3776 | I77: 0 | J77: 42.3776
... A88: 46185 | B88: rennnanboasvindas | C88: Rennan | D88: MGM | E88: 0 | F88: 0 | G88: 0 | H88: 0 | I88: 0 | J88: 0
A89: 46185 | B89: Subtotal do dia | E89: =SUM(E66:E88) -> 20 | F89: =SUM(F66:F88) -> 7 | G89: =SUM(G66:G88) -> 9 | H89: =SUM(H66:H88) -> -38.0419 | I89: =SUM(I66:I88) -> 2290 | J89: =SUM(J66:J88) -> 2251.9581
A91: 46186 | B91: Comercia03_renan | C91: Rennan | D91: MGM | E91: 0 | F91: 0 | G91: 0 | H91: 15.9355 | I91: 0 | J91: 15.9355
A92: 46186 | B92: Comercial01_renan | C92: Rennan | D92: MGM | E92: 24 | F92: 17 | G92: 17 | H92: 346.9585 | I92: 4420 | J92: 4766.9585
A93: 46186 | B93: Comercial02_renan | C93: Rennan | D93: MGM | E93: 0 | F93: 0 | G93: 0 | H93: 6.7305 | I93: 0 | J93: 6.7305
A94: 46186 | B94: Comercial03RennanBraganca | C94: Rennan | D94: JONBET | E94: 0 | F94: 0 | G94: 0 | H94: 0 | I94: 0 | J94: 0
A95: 46186 | B95: Comercial04_renan | C95: Rennan | D95: MGM | E95: 2 | F95: 1 | G95: 2 | H95: 67.4765 | I95: 520 | J95: 587.4765
A96: 46186 | B96: Comercial05_renan | C96: Rennan | D96: MGM | E96: 0 | F96: 0 | G96: 0 | H96: 0 | I96: 0 | J96: 0
A97: 46186 | B97: Comercial06_renan | C97: Rennan | D97: MGM | E97: 0 | F97: 0 | G97: 0 | H97: 0 | I97: 0 | J97: 0
A98: 46186 | B98: Comercial07_renan | C98: Rennan | D98: MGM | E98: 0 | F98: 0 | G98: 0 | H98: 0 | I98: 0 | J98: 0
A99: 46186 | B99: Comercial08_renan | C99: Rennan | D99: MGM | E99: 0 | F99: 0 | G99: 0 | H99: 0 | I99: 0 | J99: 0
A100: 46186 | B100: Comercial09_renan | C100: Rennan | D100: MGM | E100: 0 | F100: 0 | G100: 0 | H100: 0 | I100: 0 | J100: 0
A101: 46186 | B101: Comercial10_renan | C101: Rennan | D101: MGM | E101: 0 | F101: 0 | G101: 0 | H101: 0 | I101: 0 | J101: 0
A102: 46186 | B102: Comercial11_renan | C102: Rennan | D102: MGM | E102: 0 | F102: 0 | G102: 0 | H102: 0 | I102: 0 | J102: 0
... A112: 46186 | B112: rennnanboasvindas | C112: Rennan | D112: MGM | E112: 0 | F112: 0 | G112: 0 | H112: 0 | I112: 0 | J112: 0
A113: 46186 | B113: Subtotal do dia | E113: =SUM(E91:E112) -> 50 | F113: =SUM(F91:F112) -> 38 | G113: =SUM(G91:G112) -> 41 | H113: =SUM(H91:H112) -> 860.2323 | I113: =SUM(I91:I112) -> 8960 | J113: =SUM(J91:J112) -> 9820.2323
A115: 46187 | B115: Comercia03_renan | C115: Rennan | D115: MGM | E115: 0 | F115: 0 | G115: 1 | H115: 53.655 | I115: 260 | J115: 313.655
A116: 46187 | B116: Comercial01_renan | C116: Rennan | D116: MGM | E116: 0 | F116: 0 | G116: 2 | H116: -92.7535 | I116: 520 | J116: 427.2465
A117: 46187 | B117: Comercial02_renan | C117: Rennan | D117: MGM | E117: 0 | F117: 0 | G117: 0 | H117: 2.653 | I117: 0 | J117: 2.653
A118: 46187 | B118: Comercial04_renan | C118: Rennan | D118: MGM | E118: 4 | F118: 0 | G118: 1 | H118: 16.702 | I118: 260 | J118: 276.702
A119: 46187 | B119: Comercial05_renan | C119: Rennan | D119: MGM | E119: 0 | F119: 0 | G119: 0 | H119: 0 | I119: 0 | J119: 0
A120: 46187 | B120: Comercial06_renan | C120: Rennan | D120: MGM | E120: 0 | F120: 0 | G120: 0 | H120: 0 | I120: 0 | J120: 0
A121: 46187 | B121: Comercial07_renan | C121: Rennan | D121: MGM | E121: 0 | F121: 0 | G121: 0 | H121: 0 | I121: 0 | J121: 0
A122: 46187 | B122: Comercial08_renan | C122: Rennan | D122: MGM | E122: 0 | F122: 0 | G122: 0 | H122: 0 | I122: 0 | J122: 0
A123: 46187 | B123: Comercial09_renan | C123: Rennan | D123: MGM | E123: 0 | F123: 0 | G123: 0 | H123: 0 | I123: 0 | J123: 0
A124: 46187 | B124: Comercial10_renan | C124: Rennan | D124: MGM | E124: 0 | F124: 0 | G124: 0 | H124: 0 | I124: 0 | J124: 0
A125: 46187 | B125: Comercial11_renan | C125: Rennan | D125: MGM | E125: 0 | F125: 0 | G125: 0 | H125: 0 | I125: 0 | J125: 0
A126: 46187 | B126: Rennan Bragança - Alavancagem | C126: Rennan | D126: NOVIBET | E126: 0 | F126: 0 | G126: 0 | H126: -24.6848 | I126: 0 | J126: -24.6848
... A133: 46187 | B133: rennanbraganca | C133: Rennan | D133: ESPORTIVA BET | E133: 0 | F133: 1 | G133: 1 | H133: 4.29 | I133: 120 | J133: 124.29
A134: 46187 | B134: rennanbraganca | C134: Rennan | D134: STAKE BC | E134: 0 | G134: 0 | I134: 0 | J134: 0
A135: 46187 | B135: rennnanboasvindas | C135: Rennan | D135: MGM | E135: 0 | F135: 0 | G135: 0 | H135: 0 | I135: 0 | J135: 0
A136: 46187 | B136: Subtotal do dia | E136: =SUM(E115:E135) -> 4 | F136: =SUM(F115:F135) -> 3 | G136: =SUM(G115:G135) -> 6 | H136: =SUM(H115:H135) -> -17.5231 | I136: =SUM(I115:I135) -> 1420 | J136: =SUM(J115:J135) -> 1402.4769
A138: 46188 | B138: Comercia03_renan | C138: Rennan | D138: MGM | E138: 0 | F138: 0 | G138: 0 | H138: 51.2155 | I138: 0 | J138: 51.2155
A139: 46188 | B139: Comercial01_renan | C139: Rennan | D139: MGM | E139: 0 | F139: 0 | G139: 0 | H139: 26.026 | I139: 0 | J139: 26.026
A140: 46188 | B140: Comercial02_renan | C140: Rennan | D140: MGM | E140: 0 | F140: 0 | G140: 0 | H140: 1.617 | I140: 0 | J140: 1.617
A141: 46188 | B141: Comercial04_renan | C141: Rennan | D141: MGM | E141: 5 | F141: 4 | G141: 1 | H141: 41.1635 | I141: 260 | J141: 301.1635
A142: 46188 | B142: Comercial05_renan | C142: Rennan | D142: MGM | E142: 0 | F142: 0 | G142: 0 | H142: 0 | I142: 0 | J142: 0
A143: 46188 | B143: Comercial06_renan | C143: Rennan | D143: MGM | E143: 0 | F143: 0 | G143: 0 | H143: -0.0595 | I143: 0 | J143: -0.0595
A144: 46188 | B144: Comercial07_renan | C144: Rennan | D144: MGM | E144: 0 | F144: 0 | G144: 0 | H144: 0 | I144: 0 | J144: 0
A145: 46188 | B145: Comercial08_renan | C145: Rennan | D145: MGM | E145: 0 | F145: 0 | G145: 0 | H145: 0 | I145: 0 | J145: 0
A146: 46188 | B146: Comercial09_renan | C146: Rennan | D146: MGM | E146: 0 | F146: 0 | G146: 0 | H146: 0 | I146: 0 | J146: 0
A147: 46188 | B147: Comercial10_renan | C147: Rennan | D147: MGM | E147: 0 | F147: 0 | G147: 0 | H147: 0 | I147: 0 | J147: 0
A148: 46188 | B148: Comercial11_renan | C148: Rennan | D148: MGM | E148: 0 | F148: 0 | G148: 0 | H148: 0 | I148: 0 | J148: 0
A149: 46188 | B149: Rennan Bragança - Alavancagem | C149: Rennan | D149: NOVIBET | E149: 0 | F149: 0 | G149: 1 | H149: -94.848 | I149: 210 | J149: 115.152
... A155: 46188 | B155: rennanbraganca | C155: Rennan | D155: GALERA BET | E155: 0 | F155: 0 | G155: 0 | H155: 11.781 | I155: 0 | J155: 11.781
A156: 46188 | B156: rennanbraganca | C156: Rennan | D156: STAKE BC | E156: 0 | G156: 0 | I156: 0 | J156: 0
A157: 46188 | B157: rennnanboasvindas | C157: Rennan | D157: MGM | E157: 0 | F157: 0 | G157: 0 | H157: 0 | I157: 0 | J157: 0
A158: 46188 | B158: Subtotal do dia | E158: =SUM(E138:E157) -> 9 | F158: =SUM(F138:F157) -> 5 | G158: =SUM(G138:G157) -> 5 | H158: =SUM(H138:H157) -> 307.3866 | I158: =SUM(I138:I157) -> 1520 | J158: =SUM(J138:J157) -> 1827.3866
A160: 46189 | B160: Comercia03_renan | C160: Rennan | D160: MGM | E160: 0 | F160: 1 | G160: 0 | H160: -0.952 | I160: 0 | J160: -0.952
A161: 46189 | B161: Comercial01_renan | C161: Rennan | D161: MGM | E161: 0 | F161: 0 | G161: 0 | H161: -228.676 | I161: 0 | J161: -228.676
A162: 46189 | B162: Comercial02_renan | C162: Rennan | D162: MGM | E162: 0 | F162: 0 | G162: 0 | H162: 0 | I162: 0 | J162: 0
A163: 46189 | B163: Comercial04_renan | C163: Rennan | D163: MGM | E163: 8 | F163: 2 | G163: 1 | H163: 66.8955 | I163: 260 | J163: 326.8955
A164: 46189 | B164: Comercial05_renan | C164: Rennan | D164: MGM | E164: 0 | F164: 0 | G164: 0 | H164: 0 | I164: 0 | J164: 0
A165: 46189 | B165: Comercial06_renan | C165: Rennan | D165: MGM | E165: 0 | F165: 0 | G165: 0 | H165: 0 | I165: 0 | J165: 0
A166: 46189 | B166: Comercial07_renan | C166: Rennan | D166: MGM | E166: 0 | F166: 0 | G166: 0 | H166: 0 | I166: 0 | J166: 0
A167: 46189 | B167: Comercial08_renan | C167: Rennan | D167: MGM | E167: 0 | F167: 0 | G167: 0 | H167: 0 | I167: 0 | J167: 0
A168: 46189 | B168: Comercial09_renan | C168: Rennan | D168: MGM | E168: 0 | F168: 0 | G168: 0 | H168: 0 | I168: 0 | J168: 0
...

Sheet Rennan Ações
A1: Rennan
A2: Mapeamento de Ações de Promoção
A4: Data da Ação | B4: Campanha | C4: Tipo de Ação | D4: Canal | E4: Observações
A5: 46183 | C5: Aposta Garantida (NBA)
A6: 46184 | C6: Aposta Garantida (México)
A7: 46185 | C7: Aposta Garantida (EUA) | E7: Dia da restrição
A8: 46186 | C8: Garantida do Brasil
A9: 46187 | C9: Movimentação normal no grupo
A10: 46188 | C10: Movimentação normal no grupo
A11: 46189 | C11: Lançamento BETGO (bingo garantido)

Sheet Rennan Total
A1: Rennan
A2: Conferência — Diário vs Semanal
A4: Métrica | B4: Total (dados do arquivo, 7 dias)
A5: Registros | B5: ='Rennan Diário'!E38+'Rennan Diário'!E64+'Rennan Diário'!E89+'Rennan Diário'!E113+'Rennan Diário'!E136+'Rennan Diário'!E158+'Rennan Diário'!E180 -> 336
A6: FTD | B6: ='Rennan Diário'!F38+'Rennan Diário'!F64+'Rennan Diário'!F89+'Rennan Diário'!F113+'Rennan Diário'!F136+'Rennan Diário'!F158+'Rennan Diário'!F180 -> 211
A7: CPA | B7: ='Rennan Diário'!G38+'Rennan Diário'!G64+'Rennan Diário'!G89+'Rennan Diário'!G113+'Rennan Diário'!G136+'Rennan Diário'!G158+'Rennan Diário'!G180 -> 103
A8: Comissão Rev. | B8: ='Rennan Diário'!H38+'Rennan Diário'!H64+'Rennan Diário'!H89+'Rennan Diário'!H113+'Rennan Diário'!H136+'Rennan Diário'!H158+'Rennan Diário'!H180 -> 1129.8786
A9: Comissão CPA | B9: ='Rennan Diário'!I38+'Rennan Diário'!I64+'Rennan Diário'!I89+'Rennan Diário'!I113+'Rennan Diário'!I136+'Rennan Diário'!I158+'Rennan Diário'!I180 -> 22440
A10: Comissão Final | B10: ='Rennan Diário'!J38+'Rennan Diário'!J64+'Rennan Diário'!J89+'Rennan Diário'!J113+'Rennan Diário'!J136+'Rennan Diário'!J158+'Rennan Diário'!J180 -> 23569.879

Sheet Vitor ZZ Semanal
A1: Vitor ZZ
A2: Visão Semanal (7 dias) — Dados do Dashboard
A4: Campanha | B4: Master | C4: Casa | D4: Registros | E4: FTD | F4: CPA | G4: Comissão Rev. | H4: Comissão CPA | I4: Comissão Final
A45: Total | D45: =SUM(D5:D44) -> 0 | E45: =SUM(E5:E44) -> 0 | F45: =SUM(F5:F44) -> 0 | G45: =SUM(G5:G44) -> 0 | H45: =SUM(H5:H44) -> 0 | I45: =SUM(I5:I44) -> 0

Sheet Vitor ZZ Diário
A1: Vitor ZZ
A2: Visão Diária — Dados do Dashboard
A4: Data | B4: Campanha | C4: Master | D4: Casa | E4: Registros | F4: FTD | G4: CPA | H4: Comissão Rev. | I4: Comissão CPA | J4: Comissão Final
A5: 46183 | B5: Comecial01_victor | C5: Vitor ZZ | D5: MGM | E5: 8 | F5: 1 | G5: 0 | H5: 26.8765 | I5: 0 | J5: 26.8765
A6: 46183 | B6: Comecial08_victor | C6: Vitor ZZ | D6: MGM | E6: 0 | F6: 0 | G6: 0 | H6: 0 | I6: 0 | J6: 0
A7: 46183 | B7: Comecial09_victor | C7: Vitor ZZ | D7: MGM | E7: 0 | F7: 0 | G7: 0 | H7: 0 | I7: 0 | J7: 0
A8: 46183 | B8: Comecial10_victor | C8: Vitor ZZ | D8: MGM | E8: 0 | F8: 0 | G8: 1 | H8: -1.197 | I8: 260 | J8: 258.803
A9: 46183 | B9: Comercial01VitorZz | C9: Vitor ZZ | D9: GALERA BET | E9: 0 | F9: 0 | G9: 0 | H9: 7.233 | I9: 0 | J9: 7.233
A10: 46183 | B10: Comercial02_victor | C10: Vitor ZZ | D10: MGM | E10: 0 | F10: 0 | G10: 0 | H10: -71.1235 | I10: 0 | J10: -71.1235
A11: 46183 | B11: Comercial03_victor | C11: Vitor ZZ | D11: MGM | E11: 0 | F11: 0 | G11: 0 | H11: -12.152 | I11: 0 | J11: -12.152
A12: 46183 | B12: Comercial04_victor | C12: Vitor ZZ | D12: MGM | E12: 0 | F12: 0 | G12: 0 | H12: 1.2075 | I12: 0 | J12: 1.2075
A13: 46183 | B13: Comercial05_victor | C13: Vitor ZZ | D13: MGM | E13: 1 | F13: 1 | G13: 0 | H13: 0 | I13: 0 | J13: 0
A14: 46183 | B14: Comercial05VitorZz | C14: Vitor ZZ | D14: GALERA BET | E14: 0 | F14: 0 | G14: 0 | H14: 0 | I14: 0 | J14: 0
A15: 46183 | B15: Comercial06_victor | C15: Vitor ZZ | D15: MGM | E15: 0 | F15: 0 | G15: 0 | H15: 0 | I15: 0 | J15: 0
A16: 46183 | B16: Comercial07_victor | C16: Vitor ZZ | D16: MGM | E16: 0 | F16: 1 | G16: 1 | H16: -21.1715 | I16: 260 | J16: 238.8285
... A45: 46183 | B45: Zzarena | C45: Vitor ZZ | D45: SUPERBET OTG | E45: 0 | F45: 0 | G45: 1 | H45: 32.43 | I45: 300 | J45: 332.43
A46: 46183 | B46: Subtotal do dia | E46: =SUM(E5:E45) -> 16 | F46: =SUM(F5:F45) -> 6 | G46: =SUM(G5:G45) -> 4 | H46: =SUM(H5:H45) -> -55.8413 | I46: =SUM(I5:I45) -> 1020 | J46: =SUM(J5:J45) -> 964.1587
A48: 46184 | B48: Comecial01_victor | C48: Vitor ZZ | D48: MGM | E48: 15 | F48: 9 | G48: 5 | H48: 82.586 | I48: 1300 | J48: 1382.586
A49: 46184 | B49: Comecial08_victor | C49: Vitor ZZ | D49: MGM | E49: 0 | F49: 0 | G49: 0 | H49: 0 | I49: 0 | J49: 0
A50: 46184 | B50: Comecial09_victor | C50: Vitor ZZ | D50: MGM | E50: 0 | F50: 0 | G50: 0 | H50: 0 | I50: 0 | J50: 0
A51: 46184 | B51: Comecial10_victor | C51: Vitor ZZ | D51: MGM | E51: 0 | F51: 0 | G51: 0 | H51: 3.99 | I51: 0 | J51: 3.99
A52: 46184 | B52: Comercial02_victor | C52: Vitor ZZ | D52: MGM | E52: 0 | F52: 0 | G52: 0 | H52: 4.4695 | I52: 0 | J52: 4.4695
A53: 46184 | B53: Comercial03_victor | C53: Vitor ZZ | D53: MGM | E53: 0 | F53: 1 | G53: 1 | H53: 27.097 | I53: 260 | J53: 287.097
A54: 46184 | B54: Comercial04_victor | C54: Vitor ZZ | D54: MGM | E54: 1 | F54: 1 | G54: 1 | H54: 11.7355 | I54: 260 | J54: 271.7355
A55: 46184 | B55: Comercial04VitorZz | C55: Vitor ZZ | D55: GALERA BET | E55: 0 | F55: 0 | G55: 0 | H55: 0 | I55: 0 | J55: 0
A56: 46184 | B56: Comercial05_victor | C56: Vitor ZZ | D56: MGM | E56: 0 | F56: 0 | G56: 0 | H56: 2.156 | I56: 0 | J56: 2.156
A57: 46184 | B57: Comercial05VitorZz | C57: Vitor ZZ | D57: GALERA BET | E57: 0 | F57: 0 | G57: 1 | H57: 3 | I57: 160 | J57: 163
A58: 46184 | B58: Comercial06_victor | C58: Vitor ZZ | D58: MGM | E58: 0 | F58: 0 | G58: 0 | H58: 0 | I58: 0 | J58: 0
A59: 46184 | B59: Comercial07_victor | C59: Vitor ZZ | D59: MGM | E59: 0 | F59: 1 | G59: 1 | H59: -4.27 | I59: 260 | J59: 255.73
... A80: 46184 | B80: Vitorzzcomercial03 | C80: Vitor ZZ | D80: ESPORTIVA BET | E80: 0 | F80: 0 | G80: 0 | H80: 3.6 | I80: 0 | J80: 3.6
A81: 46184 | B81: Subtotal do dia | E81: =SUM(E48:E80) -> 118 | F81: =SUM(F48:F80) -> 67 | G81: =SUM(G48:G80) -> 30 | H81: =SUM(H48:H80) -> 375.8946 | I81: =SUM(I48:I80) -> 5450 | J81: =SUM(J48:J80) -> 5825.8946
A83: 46185 | B83: Comecial01_victor | C83: Vitor ZZ | D83: MGM | E83: 23 | F83: 11 | G83: 6 | H83: 13.426 | I83: 1560 | J83: 1573.426
A84: 46185 | B84: Comecial08_victor | C84: Vitor ZZ | D84: MGM | E84: 0 | F84: 0 | G84: 0 | H84: 0 | I84: 0 | J84: 0
A85: 46185 | B85: Comecial09_victor | C85: Vitor ZZ | D85: MGM | E85: 0 | F85: 0 | G85: 0 | H85: 0 | I85: 0 | J85: 0
A86: 46185 | B86: Comecial10_victor | C86: Vitor ZZ | D86: MGM | E86: 0 | F86: 0 | G86: 0 | H86: 0 | I86: 0 | J86: 0
A87: 46185 | B87: Comercial02_victor | C87: Vitor ZZ | D87: MGM | E87: 0 | F87: 0 | G87: 0 | H87: 3.7905 | I87: 0 | J87: 3.7905
A88: 46185 | B88: Comercial03_victor | C88: Vitor ZZ | D88: MGM | E88: 0 | F88: 2 | G88: 1 | H88: 28.91 | I88: 260 | J88: 288.91
A89: 46185 | B89: Comercial04_victor | C89: Vitor ZZ | D89: MGM | E89: 0 | F89: 1 | G89: 1 | H89: -42.133 | I89: 260 | J89: 217.867
A90: 46185 | B90: Comercial05_victor | C90: Vitor ZZ | D90: MGM | E90: 0 | F90: 0 | G90: 0 | H90: -3.367 | I90: 0 | J90: -3.367
A91: 46185 | B91: Comercial05VitorZz | C91: Vitor ZZ | D91: GALERA BET | E91: 0 | F91: 0 | G91: 0 | H91: -4.8 | I91: 0 | J91: -4.8
A92: 46185 | B92: Comercial06_victor | C92: Vitor ZZ | D92: MGM | E92: 0 | F92: 0 | G92: 0 | H92: 0 | I92: 0 | J92: 0
A93: 46185 | B93: Comercial07_victor | C93: Vitor ZZ | D93: MGM | E93: 0 | F93: 0 | G93: 0 | H93: 10.5 | I93: 0 | J93: 10.5
A94: 46185 | B94: Comercial11_victor | C94: Vitor ZZ | D94: MGM | E94: 0 | F94: 0 | G94: 0 | H94: 0 | I94: 0 | J94: 0
... A110: 46185 | B110: Vitorzzcomercial03 | C110: Vitor ZZ | D110: ESPORTIVA BET | E110: 0 | F110: 0 | G110: 0 | H110: 14.4 | I110: 0 | J110: 14.4
A111: 46185 | B111: Subtotal do dia | E111: =SUM(E83:E110) -> 48 | F111: =SUM(F83:F110) -> 28 | G111: =SUM(G83:G110) -> 18 | H111: =SUM(H83:H110) -> -47.1376 | I111: =SUM(I83:I110) -> 4570 | J111: =SUM(J83:J110) -> 4522.8624
A113: 46186 | B113: Comecial01_victor | C113: Vitor ZZ | D113: MGM | E113: 20 | F113: 17 | G113: 16 | H113: 297.206 | I113: 4160 | J113: 4457.206
A114: 46186 | B114: Comecial08_victor | C114: Vitor ZZ | D114: MGM | E114: 0 | F114: 0 | G114: 0 | H114: 0 | I114: 0 | J114: 0
A115: 46186 | B115: Comecial09_victor | C115: Vitor ZZ | D115: MGM | E115: 0 | F115: 0 | G115: 0 | H115: 0 | I115: 0 | J115: 0
A116: 46186 | B116: Comecial10_victor | C116: Vitor ZZ | D116: MGM | E116: 0 | F116: 0 | G116: 0 | H116: 5.4425 | I116: 0 | J116: 5.4425
A117: 46186 | B117: Comercial02_victor | C117: Vitor ZZ | D117: MGM | E117: 0 | F117: 0 | G117: 0 | H117: -10.6785 | I117: 0 | J117: -10.6785
A118: 46186 | B118: Comercial03_victor | C118: Vitor ZZ | D118: MGM | E118: 0 | F118: 0 | G118: 0 | H118: 41.363 | I118: 0 | J118: 41.363
A119: 46186 | B119: Comercial04_victor | C119: Vitor ZZ | D119: MGM | E119: 0 | F119: 1 | G119: 3 | H119: 131.5405 | I119: 780 | J119: 911.5405
A120: 46186 | B120: Comercial05_victor | C120: Vitor ZZ | D120: MGM | E120: 0 | F120: 0 | G120: 0 | H120: 3.1395 | I120: 0 | J120: 3.1395
A121: 46186 | B121: Comercial05VitorZz | C121: Vitor ZZ | D121: GALERA BET | E121: 0 | F121: 0 | G121: 1 | H121: 6.6 | I121: 160 | J121: 166.6
A122: 46186 | B122: Comercial06_victor | C122: Vitor ZZ | D122: MGM | E122: 0 | F122: 0 | G122: 0 | H122: 0 | I122: 0 | J122: 0
A123: 46186 | B123: Comercial07_victor | C123: Vitor ZZ | D123: MGM | E123: 0 | F123: 0 | G123: 0 | H123: 30.38 | I123: 0 | J123: 30.38
A124: 46186 | B124: Comercial11_victor | C124: Vitor ZZ | D124: MGM | E124: 0 | F124: 0 | G124: 0 | H124: 0 | I124: 0 | J124: 0
... A141: 46186 | B141: Vitorzzcomercial03 | C141: Vitor ZZ | D141: ESPORTIVA BET | E141: 0 | F141: 0 | G141: 0 | H141: -3.6 | I141: 0 | J141: -3.6
A142: 46186 | B142: Subtotal do dia | E142: =SUM(E113:E141) -> 59 | F142: =SUM(F113:F141) -> 48 | G142: =SUM(G113:G141) -> 44 | H142: =SUM(H113:H141) -> 939.0678 | I142: =SUM(I113:I141) -> 10740 | J142: =SUM(J113:J141) -> 11679.068
A144: 46187 | B144: Comecial01_victor | C144: Vitor ZZ | D144: MGM | E144: 10 | F144: 6 | G144: 1 | H144: 27.7235 | I144: 260 | J144: 287.7235
A145: 46187 | B145: Comecial08_victor | C145: Vitor ZZ | D145: MGM | E145: 0 | F145: 0 | G145: 0 | H145: 0 | I145: 0 | J145: 0
A146: 46187 | B146: Comecial09_victor | C146: Vitor ZZ | D146: MGM | E146: 0 | F146: 0 | G146: 0 | H146: 0 | I146: 0 | J146: 0
A147: 46187 | B147: Comecial10_victor | C147: Vitor ZZ | D147: MGM | E147: 0 | F147: 0 | G147: 0 | H147: -1.0955 | I147: 0 | J147: -1.0955
A148: 46187 | B148: Comercial01VitorZz | C148: Vitor ZZ | D148: GALERA BET | E148: 0 | F148: 0 | G148: 0 | H148: 6.003 | I148: 0 | J148: 6.003
A149: 46187 | B149: Comercial02_victor | C149: Vitor ZZ | D149: MGM | E149: 0 | F149: 0 | G149: 0 | H149: 3.57 | I149: 0 | J149: 3.57
A150: 46187 | B150: Comercial03_victor | C150: Vitor ZZ | D150: MGM | E150: 0 | F150: 0 | G150: 1 | H150: -218.1025 | I150: 260 | J150: 41.8975
A151: 46187 | B151: Comercial04_victor | C151: Vitor ZZ | D151: MGM | E151: 0 | F151: 0 | G151: 0 | H151: 118.167 | I151: 0 | J151: 118.167
A152: 46187 | B152: Comercial05_victor | C152: Vitor ZZ | D152: MGM | E152: 0 | F152: 0 | G152: 1 | H152: -0.315 | I152: 260 | J152: 259.685
A153: 46187 | B153: Comercial05VitorZz | C153: Vitor ZZ | D153: GALERA BET | E153: 0 | F153: 0 | G153: 0 | H153: 1.722 | I153: 0 | J153: 1.722
A154: 46187 | B154: Comercial06_victor | C154: Vitor ZZ | D154: MGM | E154: 0 | F154: 0 | G154: 0 | H154: 0 | I154: 0 | J154: 0
A155: 46187 | B155: Comercial07_victor | C155: Vitor ZZ | D155: MGM | E155: 0 | F155: 0 | G155: 0 | H155: 31.668 | I155: 0 | J155: 31.668
... A165: 46187 | B165: vitorzz | C165: Vitor ZZ | D165: JONBET | E165: 0 | F165: 0 | G165: 0 | H165: 0 | I165: 0 | J165: 0
A166: 46187 | B166: vitorzz | C166: Vitor ZZ | D166: STAKE BC | E166: 0 | G166: 0 | I166: 0 | J166: 0
A167: 46187 | B167: Vitorzzalavancagem | C167: Vitor ZZ | D167: ESPORTIVA BET | E167: 0 | F167: 0 | G167: 0 | H167: -0.58 | I167: 0 | J167: -0.58
A168: 46187 | B168: vitorzzbingaodacopa | C168: Vitor ZZ | D168: ESPORTIVA BET | E168: 0 | F168: 0 | G168: 0 | H168: 0.79 | I168: 0 | J168: 0.79
A169: 46187 | B169: vitorzzbingaodacopa | C169: Vitor ZZ | D169: MGM | E169: 0 | F169: 0 | G169: 0 | H169: 4.1055 | I169: 0 | J169: 4.1055
A170: 46187 | B170: vitorzzbingaodacopa | C170: Vitor ZZ | D170: NOVIBET | E170: 0 | F170: 0 | G170: 0 | H170: 0.4864 | I170: 0 | J170: 0.4864
A171: 46187 | B171: vitorzzbingaodacopa | C171: Vitor ZZ | D171: SUPERBET NOVO | E171: 0 | F171: 0 | G171: 0 | H171: 0 | I171: 0 | J171: 0
A172: 46187 | B172: vitorzzboasvindas | C172: Vitor ZZ | D172: MGM | E172: 0 | F172: 0 | G172: 0 | H172: 0 | I172: 0 | J172: 0
A173: 46187 | B173: Vitorzzcomercial01 | C173: Vitor ZZ | D173: ESPORTIVA BET | E173: 0 | F173: 0 | G173: 0 | H173: 1.5 | I173: 0 | J173: 1.5
A174: 46187 | B174: Vitorzzcomercial01 | C174: Vitor ZZ | D174: STAKE BC | E174: 0 | G174: 0 | I174: 0 | J174: 0
A175: 46187 | B175: Vitorzzcomercial03 | C175: Vitor ZZ | D175: ESPORTIVA BET | E175: 0 | F175: 0 | G175: 0 | H175: 17.83 | I175: 0 | J175: 17.83
A176: 46187 | B176: Subtotal do dia | E176: =SUM(E144:E175) -> 11 | F176: =SUM(F144:F175) -> 7 | G176: =SUM(G144:G175) -> 6 | H176: =SUM(H144:H175) -> 139.8892 | I176: =SUM(I144:I175) -> 1600 | J176: =SUM(J144:J175) -> 1739.8892
A178: 46188 | B178: Comecial01_victor | C178: Vitor ZZ | D178: MGM | E178: 0 | F178: 0 | G178: 1 | H178: 190.1095 | I178: 260 | J178: 450.1095
A179: 46188 | B179: Comecial08_victor | C179: Vitor ZZ | D179: MGM | E179: 0 | F179: 0 | G179: 0 | H179: 0 | I179: 0 | J179: 0
A180: 46188 | B180: Comecial09_victor | C180: Vitor ZZ | D180: MGM | E180: 0 | F180: 0 | G180: 0 | H180: 0 | I180: 0 | J180: 0
A181: 46188 | B181: Comecial10_victor | C181: Vitor ZZ | D181: MGM | E181: 0 | F181: 0 | G181: 0 | H181: -1.092 | I181: 0 | J181: -1.092
A182: 46188 | B182: Comercial02_victor | C182: Vitor ZZ | D182: MGM | E182: 0 | F182: 0 | G182: 0 | H182: -9.5865 | I182: 0 | J182: -9.5865
A183: 46188 | B183: Comercial03_victor | C183: Vitor ZZ | D183: MGM | E183: 0 | F183: 1 | G183: 0 | H183: 30.73 | I183: 0 | J183: 30.73
A184: 46188 | B184: Comercial04_victor | C184: Vitor ZZ | D184: MGM | E184: 0 | F184: 0 | G184: 0 | H184: 120.722 | I184: 0 | J184: 120.722
A185: 46188 | B185: Comercial05_victor | C185: Vitor ZZ | D185: MGM | E185: 0 | F185: 0 | G185: 0 | H185: -1.547 | I185: 0 | J185: -1.547
A186: 46188 | B186: Comercial05VitorZz | C186: Vitor ZZ | D186: GALERA BET | E186: 0 | F186: 0 | G186: 0 | H186: 3.978 | I186: 0 | J186: 3.978
A187: 46188 | B187: Comercial06_victor | C187: Vitor ZZ | D187: MGM | E187: 0 | F187: 0 | G187: 0 | H187: 0 | I187: 0 | J187: 0
A188: 46188 | B188: Comercial07_victor | C188: Vitor ZZ | D188: MGM | E188: 0 | F188: 0 | G188: 0 | H188: 10.3285 | I188: 0 | J188: 10.3285
A189: 46188 | B189: Comercial11_victor | C189: Vitor ZZ | D189: MGM | E189: 0 | F189: 0 | G189: 0 | H189: 0 | I189: 0 | J189: 0
... A198: 46188 | B198: vitorzz | C198: Vitor ZZ | D198: JONBET | E198: 0 | F198: 0 | G198: 0 | H198: 0 | I198: 0 | J198: 0
A199: 46188 | B199: vitorzz | C199: Vitor ZZ | D199: STAKE BC | E199: 0 | G199: 0 | I199: 0 | J199: 0
A200: 46188 | B200: Vitorzzalavancagem | C200: Vitor ZZ | D200: ESPORTIVA BET | E200: 0 | F200: 0 | G200: 0 | H200: 4.22 | I200: 0 | J200: 4.22
A201: 46188 | B201: vitorzzbingaodacopa | C201: Vitor ZZ | D201: ESPORTIVA BET | E201: 0 | F201: 0 | G201: 0 | H201: 19.8 | I201: 0 | J201: 19.8
A202: 46188 | B202: vitorzzbingaodacopa | C202: Vitor ZZ | D202: MGM | E202: 0 | F202: 0 | G202: 0 | H202: 2.0615 | I202: 0 | J202: 2.0615
...

Sheet Vitor ZZ Ações
A1: Vitor ZZ
A2: Mapeamento de Ações de Promoção
A4: Data da Ação | B4: Campanha | C4: Tipo de Ação | D4: Canal | E4: Observações
A5: 46183 | C5: Movimentação normal do grupo
A6: 46184 | C6: Bingão, garantida (México), movimentação maior no grupo
A7: 46185 | C7: Bingão da Copa e movimento normal | E7: Dia da restrição
A8: 46186 | C8: Garantida do Brasil
A9: 46187 | C9: Movimentação normal no grupo
A10: 46188 | C10: Movimentação normal no grupo
A11: 46189 | C11: Lançamento BETGO (Bingo garantido)

Sheet Vitor ZZ Total
A1: Vitor ZZ
A2: Conferência — Diário vs Semanal
A4: Métrica | B4: Total (dados do arquivo, 7 dias)
A5: Registros | B5: ='Vitor ZZ Diário'!E46+'Vitor ZZ Diário'!E81+'Vitor ZZ Diário'!E111+'Vitor ZZ Diário'!E142+'Vitor ZZ Diário'!E176+'Vitor ZZ Diário'!E208+'Vitor ZZ Diário'!E241 -> 418
A6: FTD | B6: ='Vitor ZZ Diário'!F46+'Vitor ZZ Diário'!F81+'Vitor ZZ Diário'!F111+'Vitor ZZ Diário'!F142+'Vitor ZZ Diário'!F176+'Vitor ZZ Diário'!F208+'Vitor ZZ Diário'!F241 -> 267
A7: CPA | B7: ='Vitor ZZ Diário'!G46+'Vitor ZZ Diário'!G81+'Vitor ZZ Diário'!G111+'Vitor ZZ Diário'!G142+'Vitor ZZ Diário'!G176+'Vitor ZZ Diário'!G208+'Vitor ZZ Diário'!G241 -> 119
A8: Comissão Rev. | B8: ='Vitor ZZ Diário'!H46+'Vitor ZZ Diário'!H81+'Vitor ZZ Diário'!H111+'Vitor ZZ Diário'!H142+'Vitor ZZ Diário'!H176+'Vitor ZZ Diário'!H208+'Vitor ZZ Diário'!H241 -> 2223.7387
A9: Comissão CPA | B9: ='Vitor ZZ Diário'!I46+'Vitor ZZ Diário'!I81+'Vitor ZZ Diário'!I111+'Vitor ZZ Diário'!I142+'Vitor ZZ Diário'!I176+'Vitor ZZ Diário'!I208+'Vitor ZZ Diário'!I241 -> 27660
A10: Comissão Final | B10: ='Vitor ZZ Diário'!J46+'Vitor ZZ Diário'!J81+'Vitor ZZ Diário'!J111+'Vitor ZZ Diário'!J142+'Vitor ZZ Diário'!J176+'Vitor ZZ Diário'!J208+'Vitor ZZ Diário'!J241 -> 29883.739
